Geocode,School Code,Priority
0,159,1.0
0,51,1.0
0,52,1.0
0,53,1.0
0,54,1.0
0,127,1.0
1,159,1.0
1,51,1.0
1,52,1.0
1,53,1.0
1,54,1.0
1,154,1.0
2,159,1.0
2,51,1.0
2,52,1.0
2,53,1.0
2,54,1.0
2,127,1.0
3,159,1.0
3,51,1.0
3,52,1.0
3,53,1.0
3,54,1.0
3,139,1.0
4,159,1.0
4,54,1.0
4,127,1.0
4,135,1.0
4,137,0.38002730277547003
4,75,1.0
4,128,0.61997269722453
5,159,1.0
5,127,1.0
5,139,1.0
5,135,1.0
5,137,1.0
5,75,1.0
6,159,1.0
6,127,1.0
6,75,1.0
6,128,1.0
7,159,1.0
7,54,1.0
7,127,1.0
7,75,1.0
7,128,1.0
7,74,1.0
8,159,1.0
8,54,1.0
8,127,1.0
8,139,1.0
8,137,1.0
8,75,1.0
8,27,1.0
9,159,1.0
9,51,1.0
9,52,1.0
9,53,1.0
9,54,1.0
9,127,1.0
9,75,1.0
10,159,1.0
10,51,1.0
10,52,1.0
10,53,1.0
10,54,1.0
11,159,1.0
11,51,1.0
11,52,1.0
11,53,1.0
11,54,1.0
12,159,1.0
12,54,0.5338938517569186
12,154,1.0
12,155,1.0
12,14,1.0
13,159,1.0
13,51,1.0
13,52,1.0
13,53,1.0
13,54,1.0
14,159,1.0
14,53,1.0
14,154,1.0
14,27,1.0
14,155,1.0
14,14,0.36541554616545013
15,159,1.0
15,154,1.0
15,155,1.0
15,14,1.0
16,159,1.0
16,51,1.0
16,52,1.0
16,53,1.0
16,54,1.0
16,75,1.0
17,159,1.0
17,52,1.0
17,53,1.0
17,127,1.0
17,154,1.0
17,137,1.0
17,74,1.0
17,27,1.0
18,159,1.0
18,52,1.0
18,53,1.0
18,127,1.0
18,154,1.0
18,137,1.0
18,75,1.0
18,74,1.0
18,27,1.0
19,159,1.0
19,53,1.0
19,54,1.0
19,127,1.0
19,75,1.0
19,74,1.0
19,27,1.0
19,28,1.0
20,159,1.0
20,52,1.0
20,53,1.0
20,154,1.0
20,75,1.0
20,74,1.0
20,27,1.0
21,159,1.0
21,54,1.0
21,75,1.0
21,74,1.0
21,27,1.0
21,155,1.0
21,28,1.0
22,159,1.0
22,52,1.0
22,53,1.0
22,154,1.0
22,75,1.0
22,74,1.0
22,27,1.0
23,159,1.0
23,54,1.0
23,75,1.0
23,74,1.0
23,27,1.0
23,155,1.0
23,28,1.0
24,159,1.0
24,127,1.0
24,139,1.0
24,137,1.0
24,75,1.0
24,74,1.0
24,27,1.0
24,28,1.0
25,159,1.0
25,52,1.0
25,53,1.0
25,127,1.0
25,154,1.0
25,137,1.0
25,74,1.0
25,27,1.0
26,159,1.0
26,127,1.0
26,139,1.0
26,137,1.0
26,75,1.0
26,74,1.0
26,27,1.0
26,28,1.0
26,138,1.0
27,159,1.0
27,154,1.0
27,137,1.0
27,74,1.0
27,27,1.0
27,28,1.0
28,159,1.0
28,139,1.0
28,137,1.0
28,75,1.0
28,74,0.5329579796137678
28,27,1.0
28,28,1.0
28,138,0.4340000667729677
29,159,1.0
29,52,1.0
29,53,1.0
29,127,1.0
29,154,1.0
29,137,1.0
29,74,1.0
29,27,1.0
30,159,1.0
30,127,1.0
30,139,1.0
30,135,1.0
30,137,1.0
30,75,1.0
30,138,1.0
31,159,1.0
31,127,1.0
31,139,1.0
31,135,1.0
31,137,1.0
31,75,1.0
31,138,1.0
31,125,1.0
32,159,1.0
32,53,1.0
32,127,1.0
32,154,1.0
32,135,1.0
32,137,1.0
32,74,1.0
32,27,1.0
33,159,1.0
33,127,1.0
33,139,1.0
33,135,1.0
33,137,1.0
33,138,1.0
33,125,1.0
34,159,1.0
34,127,1.0
34,139,1.0
34,137,1.0
34,74,1.0
34,27,1.0
34,138,1.0
35,159,1.0
35,139,1.0
35,137,1.0
35,138,1.0
36,159,1.0
36,139,1.0
36,137,1.0
36,138,1.0
37,159,1.0
37,139,1.0
37,137,1.0
37,138,1.0
38,159,1.0
38,139,1.0
38,137,1.0
38,138,1.0
38,125,1.0
39,159,1.0
39,139,1.0
39,137,1.0
39,27,1.0
39,138,1.0
40,159,1.0
40,139,1.0
40,137,1.0
40,138,1.0
40,125,1.0
41,159,1.0
41,139,1.0
41,137,1.0
41,138,1.0
41,125,1.0
42,159,1.0
42,139,1.0
42,137,1.0
42,138,1.0
42,125,1.0
43,159,1.0
43,137,1.0
43,74,1.0
43,27,1.0
43,28,1.0
44,159,1.0
44,137,1.0
44,74,1.0
44,27,1.0
44,28,1.0
45,159,1.0
45,139,1.0
45,137,1.0
45,75,1.0
45,27,1.0
45,28,1.0
45,125,1.0
46,159,1.0
46,139,1.0
46,137,1.0
46,75,1.0
46,27,1.0
46,28,1.0
46,125,1.0
47,159,1.0
47,53,1.0
47,154,1.0
47,137,1.0
47,75,1.0
47,74,1.0
47,27,1.0
48,159,1.0
48,75,1.0
48,74,1.0
48,27,1.0
48,14,0.09169353395519643
48,28,1.0
49,159,1.0
49,27,1.0
49,28,1.0
50,159,1.0
50,53,1.0
50,154,1.0
50,27,1.0
50,155,1.0
50,14,1.0
51,159,1.0
51,154,1.0
51,27,1.0
51,155,1.0
51,14,1.0
51,28,1.0
52,159,1.0
52,154,1.0
52,27,1.0
52,155,1.0
52,14,1.0
52,28,1.0
53,159,1.0
53,154,1.0
53,27,1.0
53,28,1.0
54,159,1.0
54,27,1.0
54,155,0.08090444813358777
54,14,1.0
54,28,1.0
55,159,1.0
55,139,1.0
55,137,1.0
55,75,1.0
55,27,1.0
55,28,1.0
55,138,1.0
55,125,1.0
56,159,1.0
56,139,1.0
56,137,1.0
56,125,1.0
56,149,1.0
57,159,1.0
57,139,1.0
57,137,1.0
57,125,1.0
57,149,1.0
58,159,1.0
58,139,1.0
58,137,1.0
58,27,1.0
58,28,1.0
58,125,1.0
58,149,1.0
59,159,1.0
59,137,1.0
59,27,1.0
59,14,1.0
59,28,1.0
59,125,1.0
60,159,1.0
60,154,1.0
60,137,1.0
60,27,1.0
60,125,1.0
60,149,1.0
61,159,1.0
61,139,1.0
61,137,1.0
61,27,1.0
61,125,1.0
61,149,1.0
62,159,1.0
62,139,1.0
62,137,1.0
62,125,1.0
62,149,1.0
63,159,1.0
63,139,1.0
63,137,1.0
63,27,1.0
63,125,1.0
63,149,1.0
64,159,1.0
64,137,1.0
64,27,1.0
64,125,1.0
64,149,1.0
65,159,1.0
65,137,1.0
65,125,1.0
65,149,1.0
65,121,1.0
65,122,1.0
66,159,1.0
66,139,1.0
66,125,1.0
66,149,1.0
66,122,1.0
67,159,1.0
67,154,1.0
67,137,1.0
67,74,1.0
67,27,1.0
67,125,1.0
67,149,1.0
68,159,1.0
68,139,1.0
68,137,1.0
68,27,1.0
68,28,1.0
68,125,1.0
68,149,1.0
69,159,1.0
69,139,1.0
69,137,0.4842236129566453
69,27,1.0
69,28,0.5157763870433547
69,125,1.0
69,149,1.0
70,159,1.0
70,139,1.0
70,137,1.0
70,27,1.0
70,28,1.0
70,125,1.0
70,149,1.0
71,159,1.0
71,139,1.0
71,137,1.0
71,27,1.0
71,125,1.0
71,149,1.0
72,159,1.0
72,53,1.0
72,154,1.0
72,137,1.0
72,74,1.0
72,27,1.0
72,125,1.0
73,159,1.0
73,125,1.0
73,149,1.0
73,122,1.0
74,159,1.0
74,139,1.0
74,125,1.0
74,149,1.0
75,159,1.0
75,27,1.0
75,125,1.0
75,149,1.0
75,122,1.0
76,159,1.0
76,139,1.0
76,125,1.0
76,149,1.0
76,132,1.0
77,159,1.0
77,125,1.0
77,149,1.0
77,122,1.0
77,78,1.0
78,159,1.0
78,139,1.0
78,125,1.0
78,149,1.0
78,132,1.0
79,159,1.0
79,125,1.0
79,149,1.0
79,122,1.0
79,78,1.0
80,159,1.0
80,139,1.0
80,149,1.0
80,132,1.0
80,97,1.0
80,79,1.0
80,148,1.0
81,159,1.0
81,125,1.0
81,149,1.0
81,122,0.40182101657152547
81,148,0.5981789834284745
82,159,1.0
82,139,1.0
82,125,1.0
82,149,1.0
83,159,1.0
83,137,1.0
83,27,1.0
83,28,1.0
83,125,1.0
83,149,1.0
83,122,1.0
83,8,1.0
84,159,1.0
84,139,1.0
84,27,1.0
84,125,1.0
84,149,1.0
84,132,1.0
85,159,1.0
85,139,1.0
85,137,1.0
85,27,1.0
85,14,1.0
85,28,1.0
85,125,1.0
85,149,1.0
86,159,1.0
86,53,1.0
86,154,1.0
86,137,1.0
86,74,1.0
86,27,1.0
86,125,1.0
86,149,1.0
87,159,1.0
87,139,1.0
87,27,1.0
87,28,1.0
87,125,1.0
87,149,1.0
87,132,1.0
88,159,1.0
88,53,1.0
88,154,1.0
88,137,1.0
88,74,1.0
88,27,1.0
88,125,1.0
88,149,1.0
89,159,1.0
89,139,1.0
89,137,1.0
89,27,1.0
89,28,1.0
89,125,1.0
89,149,1.0
90,159,1.0
90,139,1.0
90,27,1.0
90,125,1.0
90,149,1.0
90,132,1.0
91,159,1.0
91,127,1.0
91,139,0.39208898139463166
91,135,1.0
91,137,0.6079110186053683
91,129,1.0
91,42,1.0
92,159,1.0
92,127,1.0
92,135,1.0
92,137,0.6914579875256635
92,125,1.0
92,122,1.0
92,42,1.0
92,19,1.0
93,159,1.0
93,127,1.0
93,135,1.0
93,125,0.8762547441484803
93,122,1.0
93,129,0.12374525585151971
93,42,1.0
93,19,1.0
94,159,1.0
94,139,1.0
94,135,1.0
94,137,1.0
94,125,1.0
94,122,1.0
94,129,1.0
94,42,1.0
95,159,1.0
95,135,1.0
95,122,1.0
95,129,1.0
95,42,1.0
95,19,1.0
96,159,1.0
96,135,1.0
96,121,0.022495090965623993
96,122,1.0
96,129,1.0
96,42,1.0
96,19,1.0
97,159,1.0
97,127,1.0
97,139,1.0
97,135,1.0
97,137,1.0
97,129,1.0
98,159,1.0
98,127,1.0
98,139,1.0
98,135,1.0
98,137,1.0
98,129,1.0
99,159,1.0
99,127,1.0
99,135,1.0
99,129,1.0
99,134,1.0
100,159,1.0
100,127,1.0
100,139,0.24960336105476388
100,135,1.0
100,137,0.24960336105476388
100,129,1.0
100,134,0.7503966389452361
101,159,1.0
101,127,1.0
101,139,1.0
101,135,1.0
101,129,1.0
102,159,1.0
102,135,1.0
102,129,1.0
102,134,1.0
103,159,1.0
103,135,1.0
103,129,1.0
103,42,1.0
103,134,1.0
104,159,1.0
104,135,1.0
104,129,1.0
104,42,1.0
104,134,1.0
105,159,1.0
105,139,1.0
105,135,1.0
105,137,1.0
105,138,1.0
105,125,1.0
105,129,1.0
106,159,1.0
106,139,1.0
106,135,1.0
106,137,1.0
106,138,1.0
106,125,1.0
106,122,1.0
106,129,1.0
107,159,1.0
107,139,1.0
107,135,1.0
107,137,1.0
107,125,1.0
107,129,1.0
108,159,1.0
108,135,1.0
108,129,1.0
108,42,1.0
109,159,1.0
109,135,1.0
109,121,1.0
109,122,1.0
109,129,1.0
109,42,1.0
110,159,1.0
110,42,1.0
110,19,1.0
110,20,1.0
110,21,1.0
111,159,1.0
111,42,1.0
111,19,1.0
111,20,1.0
111,21,1.0
112,159,1.0
112,42,1.0
112,19,1.0
112,20,1.0
112,21,1.0
113,159,1.0
113,19,1.0
113,20,1.0
113,21,1.0
114,159,1.0
114,19,1.0
114,20,1.0
114,21,1.0
115,159,1.0
115,121,1.0
115,122,1.0
115,129,1.0
115,42,1.0
116,159,1.0
116,122,1.0
116,42,1.0
117,159,1.0
117,122,1.0
117,42,1.0
117,19,1.0
118,159,1.0
118,135,1.0
118,122,1.0
118,129,1.0
118,42,1.0
119,159,1.0
119,135,1.0
119,121,1.0
119,122,1.0
119,129,1.0
119,42,1.0
120,159,1.0
120,139,1.0
120,135,1.0
120,137,1.0
120,125,1.0
120,149,1.0
120,121,1.0
120,122,1.0
120,129,1.0
121,159,1.0
121,139,1.0
121,135,1.0
121,137,1.0
121,125,1.0
121,149,1.0
121,121,1.0
121,122,1.0
122,159,1.0
122,139,1.0
122,135,1.0
122,137,1.0
122,125,1.0
122,149,1.0
122,121,1.0
122,122,1.0
122,129,1.0
123,159,1.0
123,135,1.0
123,137,1.0
123,27,1.0
123,121,1.0
123,122,1.0
123,129,1.0
123,42,1.0
123,36,1.0
124,159,1.0
124,135,1.0
124,125,1.0
124,121,1.0
124,122,1.0
124,129,1.0
124,42,1.0
125,159,1.0
125,135,1.0
125,121,1.0
125,122,1.0
125,129,1.0
125,42,1.0
126,159,1.0
126,121,1.0
126,122,1.0
126,42,1.0
127,159,1.0
127,122,1.0
127,42,1.0
128,159,1.0
128,121,1.0
128,122,1.0
128,42,1.0
128,19,1.0
128,36,1.0
128,55,1.0
129,159,1.0
129,139,1.0
129,121,1.0
129,122,1.0
129,132,1.0
129,42,1.0
129,19,1.0
129,55,1.0
130,159,1.0
130,121,1.0
130,122,1.0
130,42,1.0
130,19,1.0
130,36,1.0
131,159,1.0
131,122,1.0
131,42,1.0
131,19,1.0
131,21,0.09539947922714295
131,36,1.0
131,55,1.0
131,35,0.9927663412084509
131,50,0.30907761467463446
131,109,0.6981560441169147
132,159,1.0
132,42,1.0
132,19,1.0
132,20,0.5787947978967746
132,21,1.0
132,36,0.42120520210322554
132,55,1.0
132,50,1.0
133,159,1.0
133,19,1.0
133,20,1.0
133,21,1.0
133,55,1.0
133,50,1.0
134,159,1.0
134,135,1.0
134,125,1.0
134,149,1.0
134,121,1.0
134,122,1.0
134,129,1.0
134,42,1.0
135,159,1.0
135,139,1.0
135,135,1.0
135,125,1.0
135,149,1.0
135,121,1.0
135,122,1.0
135,129,1.0
136,159,1.0
136,135,1.0
136,121,1.0
136,122,1.0
136,129,1.0
136,42,1.0
137,159,1.0
137,121,1.0
137,122,1.0
137,42,1.0
138,159,1.0
138,42,1.0
138,19,1.0
138,36,1.0
138,55,1.0
138,35,1.0
138,50,1.0
138,109,1.0
139,159,1.0
139,36,1.0
139,35,1.0
139,50,1.0
139,109,1.0
139,146,1.0
140,159,1.0
140,19,1.0
140,36,1.0
140,55,1.0
140,35,1.0
140,50,1.0
140,109,1.0
140,59,1.0
141,159,1.0
141,19,1.0
141,36,1.0
141,55,1.0
141,35,1.0
141,50,1.0
141,109,1.0
141,146,1.0
142,159,1.0
142,19,1.0
142,36,1.0
142,55,1.0
142,35,1.0
142,50,1.0
142,109,1.0
142,6,1.0
143,159,1.0
143,137,1.0
143,42,1.0
143,36,1.0
143,35,1.0
143,109,1.0
144,159,1.0
144,121,1.0
144,122,1.0
144,78,1.0
144,42,1.0
144,19,1.0
144,36,1.0
144,35,1.0
144,109,1.0
145,159,1.0
145,122,1.0
145,78,1.0
145,42,1.0
145,36,1.0
145,35,1.0
145,109,1.0
145,98,1.0
146,159,1.0
146,19,1.0
146,36,1.0
146,35,1.0
146,109,1.0
146,146,1.0
147,159,1.0
147,42,1.0
147,19,1.0
147,36,1.0
147,55,0.4405473048794692
147,35,1.0
147,50,1.0
147,109,1.0
148,159,1.0
148,19,1.0
148,36,1.0
148,35,1.0
148,50,1.0
148,109,1.0
148,59,1.0
149,159,1.0
149,121,1.0
149,122,1.0
149,42,1.0
149,123,1.0
150,159,1.0
150,121,1.0
150,122,1.0
150,78,1.0
150,42,1.0
150,36,1.0
150,35,1.0
150,109,1.0
151,159,1.0
151,139,1.0
151,121,1.0
151,122,1.0
151,132,1.0
151,78,1.0
151,79,1.0
151,42,1.0
151,109,1.0
152,159,1.0
152,121,1.0
152,122,1.0
152,78,1.0
152,36,1.0
152,35,1.0
153,159,1.0
153,121,1.0
153,122,1.0
153,78,1.0
153,42,1.0
153,123,0.3499249608051735
154,159,1.0
154,121,1.0
154,122,1.0
154,78,1.0
154,42,1.0
154,36,1.0
154,35,1.0
154,109,1.0
155,159,1.0
155,121,1.0
155,122,1.0
155,78,1.0
155,42,1.0
155,36,1.0
155,35,1.0
155,109,1.0
155,98,1.0
156,159,1.0
156,121,1.0
156,122,1.0
156,78,1.0
156,42,1.0
156,36,1.0
156,35,1.0
156,98,1.0
157,159,1.0
157,121,1.0
157,122,1.0
157,123,1.0
157,124,0.5454545454545454
158,159,1.0
158,139,1.0
158,121,1.0
158,122,1.0
158,123,1.0
159,159,1.0
159,121,1.0
159,122,1.0
159,123,1.0
159,124,1.0
160,159,1.0
160,139,1.0
160,121,1.0
160,122,1.0
160,123,1.0
161,159,1.0
161,125,1.0
161,149,1.0
161,121,1.0
161,122,1.0
162,159,1.0
162,149,1.0
162,121,1.0
162,122,1.0
162,78,1.0
163,159,1.0
163,149,1.0
163,121,1.0
163,122,1.0
163,78,1.0
163,79,1.0
164,159,1.0
164,121,1.0
164,122,1.0
164,132,1.0
164,78,1.0
164,79,1.0
165,159,1.0
165,121,1.0
165,122,1.0
165,78,1.0
165,123,1.0
166,159,1.0
166,121,1.0
166,122,1.0
166,132,1.0
166,79,1.0
166,123,1.0
167,159,1.0
167,121,1.0
167,122,1.0
167,123,1.0
167,124,1.0
168,159,1.0
168,149,1.0
168,121,1.0
168,122,1.0
168,78,1.0
168,79,1.0
169,159,1.0
169,149,1.0
169,121,1.0
169,122,1.0
169,78,1.0
169,79,1.0
170,159,1.0
170,149,1.0
170,121,1.0
170,122,1.0
170,78,1.0
170,79,1.0
171,159,1.0
171,122,1.0
171,78,1.0
171,79,1.0
172,159,1.0
172,132,1.0
172,78,1.0
172,79,1.0
173,159,1.0
173,121,1.0
173,122,1.0
173,78,1.0
173,79,1.0
174,159,1.0
174,121,1.0
174,122,1.0
174,78,1.0
174,79,1.0
174,36,1.0
174,35,0.13338324598086299
174,98,1.0
175,159,1.0
175,121,1.0
175,122,1.0
175,78,1.0
175,42,1.0
175,36,1.0
175,35,1.0
175,109,1.0
175,98,1.0
176,159,1.0
176,78,1.0
176,36,1.0
176,35,1.0
176,109,1.0
176,59,1.0
176,98,1.0
177,159,1.0
177,36,1.0
177,35,1.0
177,109,1.0
177,59,1.0
177,98,1.0
178,159,1.0
178,132,1.0
178,36,1.0
178,35,1.0
178,109,1.0
178,98,1.0
178,5,1.0
179,159,1.0
179,36,1.0
179,35,1.0
179,109,1.0
180,159,1.0
180,36,1.0
180,35,1.0
180,50,1.0
180,109,1.0
180,59,1.0
181,159,1.0
181,36,1.0
181,35,1.0
181,98,1.0
182,159,1.0
182,36,1.0
182,35,1.0
182,59,1.0
182,98,1.0
183,159,1.0
183,36,1.0
183,35,1.0
183,109,1.0
183,59,1.0
183,98,1.0
184,159,1.0
184,36,1.0
184,35,1.0
184,109,1.0
184,59,1.0
184,98,1.0
185,159,1.0
185,132,1.0
185,36,1.0
185,35,1.0
185,109,1.0
185,59,1.0
185,5,1.0
186,159,1.0
186,132,1.0
186,78,1.0
186,36,1.0
186,35,1.0
186,98,1.0
187,159,1.0
187,132,1.0
187,78,1.0
187,36,1.0
187,35,1.0
187,98,1.0
188,159,1.0
188,78,1.0
188,36,1.0
188,35,1.0
188,98,1.0
189,159,1.0
189,132,1.0
189,36,1.0
189,35,1.0
189,98,1.0
190,159,1.0
190,78,1.0
190,79,1.0
190,98,1.0
191,159,1.0
191,132,1.0
191,78,1.0
191,79,1.0
192,159,1.0
192,132,1.0
192,78,1.0
192,79,1.0
192,98,1.0
193,159,1.0
193,132,1.0
193,78,1.0
193,79,1.0
193,36,1.0
193,35,1.0
194,159,1.0
194,132,1.0
194,78,1.0
194,79,1.0
194,98,1.0
195,159,1.0
195,149,1.0
195,122,1.0
195,78,1.0
195,79,1.0
196,159,1.0
196,132,1.0
196,78,1.0
196,97,1.0
196,79,1.0
197,159,1.0
197,78,1.0
197,79,1.0
198,159,1.0
198,149,1.0
198,132,1.0
198,78,1.0
198,79,1.0
199,159,1.0
199,132,1.0
199,78,1.0
199,97,1.0
199,79,1.0
200,159,1.0
200,132,1.0
200,78,1.0
200,36,1.0
200,35,1.0
200,98,1.0
200,130,0.6591891379727471
201,159,1.0
201,132,1.0
201,36,1.0
201,35,1.0
201,98,1.0
202,159,1.0
202,36,1.0
202,35,1.0
202,98,1.0
203,159,1.0
203,132,1.0
203,36,1.0
203,35,1.0
203,98,1.0
203,33,1.0
204,159,1.0
204,36,1.0
204,35,1.0
204,59,1.0
204,98,1.0
204,33,1.0
204,126,1.0
205,159,1.0
205,36,1.0
205,35,1.0
205,59,1.0
205,98,1.0
206,159,1.0
206,36,1.0
206,35,1.0
206,59,1.0
206,98,1.0
206,126,1.0
207,159,1.0
207,36,1.0
207,35,1.0
207,59,1.0
207,98,1.0
208,159,1.0
208,36,1.0
208,35,1.0
208,59,1.0
208,60,0.8654809304557842
209,159,1.0
209,132,1.0
209,36,1.0
209,59,1.0
209,5,1.0
210,159,1.0
210,59,1.0
210,60,1.0
211,159,1.0
211,36,1.0
211,35,1.0
211,59,1.0
211,98,1.0
212,159,1.0
212,27,1.0
212,28,1.0
212,125,1.0
212,149,1.0
212,8,1.0
213,159,1.0
213,154,1.0
213,137,1.0
213,74,1.0
213,27,1.0
213,149,1.0
213,8,1.0
213,36,1.0
214,159,1.0
214,125,1.0
214,149,1.0
214,122,1.0
214,78,1.0
214,8,1.0
215,159,1.0
215,139,1.0
215,149,1.0
215,132,1.0
215,97,1.0
215,79,1.0
215,8,1.0
216,159,1.0
216,154,1.0
216,137,1.0
216,27,1.0
216,149,1.0
216,78,1.0
216,8,1.0
216,36,1.0
216,35,1.0
217,159,1.0
217,125,1.0
217,149,1.0
217,121,1.0
217,122,1.0
217,78,1.0
217,8,1.0
218,159,1.0
218,139,1.0
218,149,1.0
218,132,1.0
218,78,0.22530802266584016
218,97,1.0
218,79,1.0
218,8,1.0
218,65,1.0
218,96,0.7746919773341598
219,159,1.0
219,27,1.0
219,14,1.0
219,28,1.0
219,125,1.0
219,149,1.0
219,8,1.0
220,159,1.0
220,139,1.0
220,27,1.0
220,28,1.0
220,125,1.0
220,149,1.0
220,132,1.0
220,8,1.0
221,159,1.0
221,97,1.0
221,8,1.0
221,96,1.0
221,64,1.0
221,101,1.0
221,102,1.0
221,103,1.0
222,159,1.0
222,78,1.0
222,97,1.0
222,96,1.0
222,101,1.0
222,103,1.0
223,159,1.0
223,132,1.0
223,97,1.0
223,96,1.0
223,103,1.0
224,159,1.0
224,154,1.0
224,137,1.0
224,27,1.0
224,8,1.0
224,7,0.6652228092465481
225,159,1.0
225,8,1.0
225,7,1.0
226,159,1.0
226,139,1.0
226,97,1.0
226,8,1.0
226,7,1.0
226,32,1.0
227,159,1.0
227,154,1.0
227,137,1.0
227,27,1.0
227,149,1.0
227,8,1.0
227,36,1.0
227,101,1.0
228,159,1.0
228,149,1.0
228,78,1.0
228,97,1.0
228,8,1.0
228,7,1.0
229,159,1.0
229,51,0.26858505425749785
229,53,1.0
229,54,1.0
229,154,1.0
229,155,1.0
229,14,1.0
230,159,1.0
230,53,1.0
230,54,1.0
230,154,1.0
230,139,1.0
230,155,1.0
230,14,1.0
231,159,1.0
231,27,1.0
231,14,1.0
231,28,1.0
231,125,1.0
231,149,1.0
231,8,1.0
232,159,1.0
232,139,1.0
232,132,1.0
232,97,1.0
232,8,1.0
232,65,1.0
232,7,1.0
232,32,1.0
233,159,1.0
233,149,1.0
233,8,1.0
233,7,1.0
234,159,1.0
234,149,1.0
234,122,1.0
234,132,1.0
234,78,1.0
234,97,1.0
234,98,1.0
234,130,1.0
235,159,1.0
235,132,1.0
235,97,1.0
235,79,1.0
235,130,1.0
235,96,1.0
236,159,1.0
236,132,1.0
236,78,1.0
236,97,1.0
236,130,1.0
236,96,1.0
236,131,1.0
237,159,1.0
237,132,1.0
237,97,1.0
237,79,0.6455995383852184
237,130,0.35440046161478156
237,96,1.0
238,159,1.0
238,97,1.0
238,96,1.0
239,159,1.0
239,97,1.0
239,96,1.0
240,159,1.0
240,132,1.0
240,97,1.0
240,130,1.0
240,96,1.0
240,64,1.0
240,131,1.0
241,159,1.0
241,132,1.0
241,97,1.0
241,130,0.7405324388350512
241,65,1.0
241,96,1.0
241,72,0.25946756116494885
242,159,1.0
242,149,1.0
242,132,1.0
242,78,1.0
242,98,1.0
242,130,1.0
243,159,1.0
243,132,1.0
243,78,1.0
243,36,1.0
243,35,1.0
243,98,1.0
243,130,1.0
244,159,1.0
244,132,1.0
244,78,1.0
244,97,0.47614748893716446
244,98,1.0
244,130,1.0
245,159,1.0
245,132,1.0
245,97,1.0
245,79,1.0
245,130,1.0
246,159,0.9999999999999999
246,132,0.9999999999999999
246,78,0.9999999999999999
246,97,0.8061834708321528
246,98,0.9999999999999999
246,130,0.9999999999999999
246,33,0.19381652916784708
246,131,0.8061834708321528
247,159,1.0
247,132,1.0
247,97,1.0
247,130,1.0
248,159,1.0
248,132,1.0
248,78,1.0
248,98,1.0
248,130,1.0
249,159,1.0
249,132,1.0
249,98,1.0
249,130,1.0
249,131,1.0
250,159,1.0
250,36,1.0
250,59,1.0
250,98,1.0
250,5,1.0
250,33,1.0
250,126,1.0
251,159,1.0
251,59,1.0
251,5,1.0
251,33,1.0
251,126,1.0
251,15,1.0
251,16,1.0
252,159,1.0
252,5,1.0
252,126,1.0
252,15,1.0
252,16,1.0
253,159,1.0
253,5,1.0
253,33,1.0
253,126,1.0
253,16,1.0
253,2,0.05074407102759407
254,159,1.0
254,132,1.0
254,98,1.0
254,33,1.0
254,126,1.0
255,159,1.0
255,132,1.0
255,5,1.0
255,33,1.0
256,159,1.0
256,5,1.0
256,33,1.0
256,126,1.0
256,2,1.0
257,159,1.0
257,132,1.0
257,98,1.0
257,5,1.0
257,130,1.0
257,33,1.0
258,159,1.0
258,132,1.0
258,98,1.0
258,5,1.0
258,130,1.0
258,33,1.0
258,64,1.0
259,159,1.0
259,132,1.0
259,98,1.0
259,5,1.0
259,33,1.0
259,126,1.0
260,159,1.0
260,132,1.0
260,98,1.0
260,130,1.0
260,33,1.0
261,159,1.0
261,132,1.0
261,36,1.0
261,35,1.0
261,130,1.0
261,64,1.0
261,101,1.0
262,159,1.0
262,132,1.0
262,98,1.0
262,130,1.0
262,33,1.0
262,64,1.0
263,159,1.0
263,132,1.0
263,97,0.7170430883757914
263,5,0.28295691162420855
263,130,1.0
263,65,1.0
263,72,1.0
264,159,1.0
264,132,1.0
264,98,0.20984704861821968
264,130,1.0
264,33,1.0
264,65,1.0
264,64,1.0
264,72,1.0
264,71,0.7901529513817803
265,159,1.0
265,132,1.0
265,33,1.0
265,65,1.0
265,64,1.0
265,72,1.0
265,71,1.0
265,70,0.4640082405831451
266,159,1.0
266,132,1.0
266,97,1.0
266,130,1.0
266,65,1.0
266,64,1.0
266,101,0.7967320617326514
266,72,0.20326793826734857
267,159,1.0
267,132,1.0
267,97,1.0
267,130,1.0
267,65,1.0
267,96,1.0
267,72,1.0
268,159,1.0
268,97,1.0
268,65,1.0
268,96,1.0
268,64,1.0
268,101,1.0
268,102,1.0
268,103,1.0
269,159,1.0
269,132,1.0
269,97,1.0
269,65,1.0
269,96,1.0
269,103,1.0
269,72,1.0
270,159,1.0
270,132,1.0
270,33,1.0
270,65,1.0
270,64,1.0
270,101,1.0
270,72,1.0
270,71,1.0
270,63,1.0
271,159,1.0
271,132,1.0
271,97,1.0
271,65,1.0
271,64,1.0
271,103,1.0
271,72,1.0
271,71,1.0
272,159,1.0
272,97,1.0
272,65,1.0
272,64,1.0
272,101,1.0
272,103,1.0
272,72,1.0
272,71,1.0
272,63,1.0
273,159,1.0
273,97,1.0
273,65,1.0
273,101,1.0
273,103,1.0
273,72,1.0
273,71,1.0
274,159,1.0
274,65,1.0
274,64,1.0
274,72,1.0
274,71,1.0
274,70,1.0
274,63,1.0
275,159,1.0
275,65,1.0
275,64,1.0
275,72,1.0
275,71,1.0
276,159,1.0
276,65,1.0
276,64,1.0
276,72,1.0
276,71,1.0
276,70,1.0
276,63,1.0
276,89,1.0
277,159,1.0
277,65,1.0
277,64,1.0
277,72,1.0
277,71,1.0
278,159,1.0
278,5,1.0
278,65,1.0
278,72,1.0
278,71,1.0
278,4,1.0
279,159,1.0
279,65,1.0
279,64,1.0
279,72,1.0
279,71,1.0
279,70,1.0
280,159,1.0
280,65,1.0
280,72,1.0
280,71,1.0
281,159,1.0
281,132,1.0
281,33,1.0
281,65,1.0
281,64,1.0
281,72,1.0
281,71,1.0
281,70,1.0
282,159,1.0
282,65,1.0
282,64,1.0
282,72,1.0
282,71,1.0
282,70,1.0
282,63,1.0
283,159,1.0
283,5,1.0
283,65,1.0
283,64,1.0
283,72,1.0
283,2,1.0
283,71,1.0
283,70,1.0
283,4,1.0
284,159,1.0
284,5,1.0
284,65,1.0
284,64,1.0
284,72,1.0
284,2,1.0
284,71,1.0
284,70,1.0
284,89,1.0
284,4,1.0
285,159,1.0
285,132,1.0
285,5,1.0
285,65,1.0
285,72,1.0
285,71,1.0
285,4,1.0
286,159,1.0
286,132,1.0
286,5,1.0
286,33,1.0
286,126,1.0
286,64,1.0
286,72,1.0
287,159,1.0
287,132,1.0
287,5,1.0
287,33,1.0
287,64,1.0
287,72,1.0
287,2,1.0
287,4,1.0
288,159,1.0
288,5,1.0
288,33,1.0
288,126,1.0
288,2,1.0
288,4,1.0
289,159,1.0
289,132,1.0
289,5,1.0
289,33,1.0
289,126,1.0
289,2,1.0
290,159,1.0
290,5,1.0
290,33,1.0
290,126,1.0
290,2,1.0
290,4,1.0
291,159,1.0
291,5,1.0
291,126,1.0
291,2,1.0
291,4,1.0
291,3,1.0
292,159,1.0
292,5,1.0
292,126,1.0
292,2,1.0
292,4,1.0
292,3,1.0
293,159,1.0
293,5,1.0
293,33,0.46015276094494506
293,126,1.0
293,2,1.0
293,4,1.0
293,3,0.5398472390550549
294,159,1.0
294,5,1.0
294,126,1.0
294,2,1.0
294,4,1.0
295,159,1.0
295,5,1.0
295,33,1.0
295,64,1.0
295,72,1.0
295,2,1.0
295,71,1.0
295,4,1.0
296,159,1.0
296,5,1.0
296,33,1.0
296,64,1.0
296,72,1.0
296,2,1.0
296,4,1.0
296,104,1.0
297,159,1.0
297,5,1.0
297,33,1.0
297,126,1.0
297,2,1.0
297,4,1.0
298,159,1.0
298,5,1.0
298,65,0.5875109056886145
298,64,1.0
298,72,1.0
298,2,1.0
298,71,1.0
298,89,1.0
298,4,1.0
298,104,0.4124890943113855
298,45,1.0
299,159,1.0
299,5,1.0
299,64,1.0
299,72,1.0
299,2,1.0
299,89,1.0
299,4,1.0
299,104,1.0
299,45,1.0
299,80,1.0
300,159,1.0
300,104,1.0
300,45,1.0
300,43,1.0
300,44,1.0
301,159,1.0
301,5,1.0
301,2,1.0
301,4,1.0
301,104,1.0
301,45,1.0
301,80,1.0
301,44,1.0
302,159,1.0
302,5,1.0
302,33,1.0
302,72,1.0
302,2,1.0
302,4,1.0
302,104,1.0
302,45,1.0
303,159,1.0
303,5,1.0
303,126,1.0
303,2,1.0
303,4,1.0
303,104,1.0
304,159,1.0
304,5,1.0
304,33,1.0
304,126,1.0
304,16,1.0
304,2,1.0
304,104,1.0
304,100,1.0
305,159,1.0
305,5,1.0
305,126,1.0
305,16,1.0
305,2,1.0
305,104,1.0
305,100,1.0
306,159,1.0
306,104,1.0
306,45,1.0
306,44,1.0
306,56,1.0
306,58,1.0
306,57,0.44590583672419426
307,159,1.0
307,104,1.0
307,45,1.0
307,44,1.0
307,56,1.0
307,58,1.0
308,159,1.0
308,104,1.0
308,45,1.0
308,44,1.0
308,56,1.0
309,159,1.0
309,104,1.0
309,45,1.0
309,44,1.0
310,159,1.0
310,104,1.0
310,45,1.0
310,43,1.0
310,44,1.0
311,159,1.0
311,104,1.0
311,45,1.0
311,44,1.0
312,159,1.0
312,104,1.0
312,45,1.0
312,43,1.0
312,44,1.0
312,56,1.0
313,159,1.0
313,104,1.0
313,45,1.0
313,80,1.0
313,43,1.0
313,44,1.0
313,56,1.0
314,159,1.0
314,104,1.0
314,45,1.0
314,44,1.0
314,58,1.0
315,159,1.0
315,104,1.0
315,45,1.0
315,44,1.0
315,56,1.0
315,58,1.0
316,159,1.0
316,104,1.0
316,45,1.0
316,44,1.0
316,56,1.0
316,58,1.0
317,159,1.0
317,8,1.0
317,32,1.0
317,141,1.0
317,142,1.0
317,30,1.0
317,31,1.0
318,159,1.0
318,65,1.0
318,32,1.0
318,31,1.0
319,159,1.0
319,8,1.0
319,32,1.0
319,141,1.0
319,142,1.0
319,30,1.0
319,31,1.0
320,159,1.0
320,8,1.0
320,32,1.0
320,30,1.0
320,31,1.0
321,159,1.0
321,32,1.0
321,30,1.0
321,31,1.0
322,159,1.0
322,27,1.0
322,8,1.0
322,65,1.0
322,64,1.0
322,101,1.0
322,32,1.0
322,142,1.0
323,159,1.0
323,8,1.0
323,65,0.16077221623607862
323,64,1.0
323,101,1.0
323,103,0.16077221623607862
323,7,0.8392277837639214
323,32,1.0
323,142,1.0
323,30,0.8392277837639214
323,31,0.8392277837639214
324,159,1.0
324,97,1.0
324,65,1.0
324,103,1.0
324,32,1.0
324,31,1.0
325,159,1.0
325,65,1.0
325,64,1.0
325,101,1.0
325,32,0.890790161949065
325,89,0.10920983805093494
325,141,1.0
325,142,1.0
325,140,0.1778930502343442
326,159,1.0
326,97,1.0
326,65,1.0
326,96,1.0
326,64,1.0
326,101,1.0
326,102,1.0
326,103,1.0
327,159,1.0
327,97,1.0
327,65,1.0
327,96,1.0
327,101,1.0
327,103,1.0
328,159,1.0
328,65,1.0
328,64,1.0
328,101,1.0
328,102,0.15263894694961533
328,103,1.0
328,63,1.0
328,12,1.0
329,159,1.0
329,97,1.0
329,65,1.0
329,64,1.0
329,101,1.0
329,103,1.0
329,72,1.0
329,71,1.0
329,13,1.0
330,159,1.0
330,97,1.0
330,65,1.0
330,64,1.0
330,101,1.0
330,102,1.0
330,103,1.0
331,159,1.0
331,97,1.0
331,65,1.0
331,96,1.0
331,101,1.0
331,103,1.0
331,72,1.0
332,159,1.0
332,97,1.0
332,65,1.0
332,96,1.0
332,64,1.0
332,101,1.0
332,102,1.0
332,103,1.0
333,159,1.0
333,65,1.0
333,64,1.0
333,101,1.0
333,103,1.0
333,63,1.0
333,142,1.0
333,12,1.0
333,13,1.0
334,159,1.0
334,65,1.0
334,103,1.0
334,72,1.0
334,71,1.0
334,12,1.0
334,13,1.0
335,159,1.0
335,65,1.0
335,64,1.0
335,72,1.0
335,63,1.0
336,159,1.0
336,65,1.0
336,64,1.0
336,72,1.0
336,71,1.0
336,63,1.0
337,159,1.0
337,65,1.0
337,64,1.0
337,101,1.0
337,103,1.0
337,12,1.0
338,159,1.0
338,65,1.0
338,64,1.0
338,101,1.0
338,103,1.0
338,63,1.0
338,89,1.0
338,12,1.0
339,159,1.0
339,65,1.0
339,64,1.0
339,101,1.0
339,103,1.0
339,72,1.0
339,71,1.0
339,13,1.0
340,159,1.0
340,65,1.0
340,64,1.0
340,101,1.0
340,103,1.0
340,63,1.0
340,89,1.0
340,12,1.0
341,159,1.0
341,65,1.0
341,64,1.0
341,103,1.0
341,72,1.0
341,71,1.0
341,13,1.0
342,159,1.0
342,65,1.0
342,64,1.0
342,72,1.0
342,71,1.0
342,63,1.0
343,159,1.0
343,65,1.0
343,64,1.0
343,72,1.0
343,71,1.0
344,159,1.0
344,65,1.0
344,64,1.0
344,72,1.0
344,71,1.0
344,63,1.0
344,89,1.0
345,159,1.0
345,65,1.0
345,64,1.0
345,72,1.0
345,71,1.0
346,159,1.0
346,65,1.0
346,64,1.0
346,72,1.0
346,71,1.0
346,70,1.0
346,63,1.0
346,89,1.0
347,159,1.0
347,65,1.0
347,64,1.0
347,72,1.0
347,71,1.0
348,159,1.0
348,65,1.0
348,64,1.0
348,101,1.0
348,72,1.0
348,63,1.0
348,89,1.0
348,12,1.0
349,159,1.0
349,65,1.0
349,64,1.0
349,103,1.0
349,72,1.0
349,71,1.0
349,12,0.12558042414940995
349,13,1.0
349,91,1.0
350,159,1.0
350,65,1.0
350,72,1.0
350,71,1.0
350,89,1.0
350,13,1.0
350,91,1.0
350,90,1.0
351,159,1.0
351,65,1.0
351,64,1.0
351,101,1.0
351,63,1.0
351,89,1.0
351,12,1.0
351,13,1.0
352,159,1.0
352,65,1.0
352,103,1.0
352,72,1.0
352,71,1.0
352,12,1.0
352,13,1.0
352,91,1.0
353,159,1.0
353,89,0.9404308683394529
353,142,1.0
353,12,1.0
353,13,1.0
354,159,1.0
354,65,1.0
354,12,1.0
354,13,1.0
355,159,1.0
355,65,1.0
355,64,1.0
355,89,1.0
355,12,1.0
355,13,1.0
355,91,1.0
356,159,1.0
356,65,1.0
356,103,1.0
356,72,1.0
356,12,1.0
356,13,1.0
356,91,1.0
356,90,1.0
357,159,1.0
357,36,1.0
357,65,1.0
357,64,1.0
357,101,1.0
357,72,1.0
357,89,1.0
357,80,1.0
357,142,1.0
358,159,1.0
358,65,1.0
358,64,1.0
358,72,1.0
358,89,1.0
358,45,1.0
358,80,1.0
358,142,1.0
358,91,0.1762858594719815
359,159,1.0
359,65,1.0
359,72,1.0
359,71,1.0
359,45,1.0
359,44,1.0
359,91,1.0
359,90,1.0
359,117,1.0
359,118,1.0
360,159,1.0
360,36,1.0
360,65,1.0
360,64,1.0
360,101,1.0
360,72,1.0
360,89,1.0
360,80,1.0
360,142,1.0
361,159,1.0
361,65,1.0
361,64,1.0
361,72,1.0
361,89,1.0
361,45,1.0
361,80,1.0
361,142,1.0
362,159,1.0
362,65,1.0
362,72,1.0
362,71,1.0
362,45,1.0
362,44,1.0
362,91,1.0
362,90,1.0
362,117,1.0
362,118,1.0
363,159,1.0
363,101,1.0
363,80,0.29143853667881725
363,117,1.0
363,118,1.0
363,34,1.0
363,66,1.0
363,37,1.0
364,159,1.0
364,65,1.0
364,64,1.0
364,72,1.0
364,89,1.0
364,45,1.0
364,80,1.0
364,142,1.0
364,67,0.7444375814458202
365,159,1.0
365,101,1.0
365,89,1.0
365,34,1.0
365,66,1.0
365,37,1.0
366,159,1.0
366,89,1.0
366,80,1.0
366,142,1.0
366,117,1.0
366,118,1.0
366,34,1.0
367,159,1.0
367,65,1.0
367,72,1.0
367,71,1.0
367,45,1.0
367,44,1.0
367,13,0.32532937510216353
367,91,1.0
367,90,1.0
367,117,1.0
367,118,1.0
368,159,1.0
368,34,1.0
368,37,1.0
369,159,1.0
369,34,1.0
370,159,1.0
370,91,1.0
370,117,1.0
370,118,1.0
370,34,1.0
371,159,1.0
371,101,1.0
371,34,1.0
371,37,1.0
371,136,1.0
371,73,1.0
372,159,1.0
372,142,1.0
372,34,1.0
372,136,1.0
372,73,1.0
373,159,1.0
373,34,1.0
373,73,1.0
374,159,1.0
374,91,1.0
374,117,1.0
374,118,1.0
374,34,1.0
374,73,1.0
375,159,1.0
375,154,1.0
375,27,1.0
375,36,1.0
375,65,1.0
375,64,1.0
375,101,1.0
375,89,1.0
375,142,1.0
376,159,1.0
376,65,1.0
376,64,1.0
376,101,1.0
376,72,1.0
376,89,1.0
376,80,1.0
376,141,1.0
376,142,1.0
376,12,1.0
377,159,1.0
377,65,1.0
377,103,1.0
377,32,1.0
377,72,1.0
377,71,1.0
377,45,1.0
377,13,1.0
377,91,1.0
377,90,1.0
378,159,1.0
378,65,0.1442857806546617
378,64,0.1442857806546617
378,101,0.1442857806546617
378,72,0.1442857806546617
378,89,0.1442857806546617
378,80,0.1442857806546617
378,141,0.1442857806546617
378,142,0.1442857806546617
378,34,0.8557142193453383
378,136,0.8557142193453383
378,73,0.8557142193453383
379,159,1.0
379,132,0.04875727498743865
379,5,0.04875727498743865
379,65,1.0
379,103,1.0
379,32,0.9512427250125614
379,72,1.0
379,71,1.0
379,104,0.04875727498743865
379,45,1.0
379,13,0.9512427250125614
379,91,1.0
379,90,0.9512427250125614
379,118,0.9512427250125614
380,159,1.0
380,101,1.0
380,34,1.0
380,66,1.0
380,37,1.0
380,73,1.0
381,159,1.0
381,89,1.0
381,34,1.0
381,37,1.0
381,73,1.0
382,159,1.0
382,65,1.0
382,72,1.0
382,71,1.0
382,104,1.0
382,45,1.0
382,44,1.0
382,91,1.0
382,90,1.0
382,118,1.0
383,159,1.0
383,101,1.0
383,34,1.0
383,66,1.0
383,37,1.0
383,73,1.0
384,159,1.0
384,89,0.6281485690950332
384,34,1.0
384,37,0.3482531175977738
384,136,0.023598313307193024
384,73,1.0
385,159,1.0
385,132,0.49066133394881395
385,5,0.49066133394881395
385,65,1.0
385,103,0.509338666051186
385,72,1.0
385,71,1.0
385,104,1.0
385,45,1.0
385,44,1.0
385,91,1.0
385,90,0.509338666051186
385,118,0.509338666051186
386,159,1.0
386,34,1.0
386,73,1.0
387,159,1.0
387,65,1.0
387,72,1.0
387,71,1.0
387,104,0.6378771923628912
387,45,1.0
387,44,1.0
387,13,1.0
387,91,1.0
387,90,1.0
387,117,0.3621228076371088
387,118,1.0
388,159,1.0
388,101,1.0
388,34,1.0
388,66,1.0
388,37,1.0
388,67,1.0
389,159,1.0000000000000002
389,89,1.0000000000000002
389,80,1.0000000000000002
389,117,0.2616794407241319
389,118,1.0000000000000002
389,34,1.0000000000000002
389,37,1.0000000000000002
389,67,1.0000000000000002
389,41,0.7383205592758683
390,159,1.0
390,65,1.0
390,72,1.0
390,71,1.0
390,104,1.0
390,45,1.0
390,44,1.0
390,91,1.0
390,90,1.0
390,117,1.0
390,118,1.0
391,159,1.0
391,101,1.0
391,34,1.0
391,66,1.0
391,37,1.0
391,67,1.0
391,41,1.0
392,159,1.0
392,65,1.0
392,64,1.0
392,72,1.0
392,89,1.0
392,45,1.0
392,80,1.0
392,142,1.0
392,67,1.0
393,159,1.0
393,65,1.0
393,72,1.0
393,71,1.0
393,104,1.0
393,45,1.0
393,44,1.0
393,91,1.0
393,90,1.0
393,117,1.0
393,118,1.0
394,159,1.0
394,34,1.0
394,66,1.0
394,37,1.0
394,73,1.0
394,9,1.0
394,152,1.0
395,159,1.0
395,34,1.0
395,37,0.3647663242632942
395,73,0.9135844847454935
395,41,0.3647663242632942
395,9,1.0
395,11,0.6352336757367057
395,10,0.08641551525450651
396,159,1.0
396,132,0.16904552285569183
396,5,0.16904552285569183
396,65,0.16904552285569183
396,72,0.16904552285569183
396,71,0.16904552285569183
396,104,0.16904552285569183
396,45,0.16904552285569183
396,44,0.16904552285569183
396,91,0.16904552285569183
396,9,0.8309544771443081
396,11,0.8309544771443081
396,10,0.8309544771443081
397,159,1.0
397,64,0.9281181449775397
397,89,1.0
397,91,1.0
397,90,1.0
397,88,0.0718818550224603
398,159,1.0
398,65,1.0
398,89,1.0
398,91,1.0
398,90,1.0
399,159,1.0
399,89,1.0
399,91,1.0
399,90,1.0
399,118,1.0
399,88,1.0
400,159,1.0
400,89,1.0
400,91,1.0
400,90,1.0
400,117,1.0
400,118,1.0
400,88,1.0
401,159,1.0
401,64,1.0
401,89,1.0
401,91,1.0
401,90,1.0
402,159,1.0
402,89,1.0
402,91,1.0
402,90,1.0
402,88,1.0
403,159,1.0
403,65,1.0
403,64,1.0
403,72,1.0
403,89,1.0
403,45,1.0
403,80,1.0
404,159,1.0
404,72,1.0
404,45,1.0
404,80,1.0
404,44,1.0
404,91,1.0
404,90,1.0
404,117,1.0
404,118,1.0
404,81,1.0
405,159,1.0
405,65,1.0
405,64,1.0
405,72,1.0
405,89,1.0
405,45,1.0
405,80,1.0
406,159,1.0
406,64,1.0
406,72,1.0
406,89,1.0
406,45,1.0
406,80,1.0
406,91,1.0
406,90,1.0
407,159,1.0
407,65,1.0
407,72,1.0
407,89,1.0
407,45,1.0
407,44,1.0
407,91,1.0
407,90,1.0
407,118,1.0
408,159,1.0
408,64,0.5356003350321084
408,89,1.0
408,45,1.0
408,80,1.0
408,44,1.0
408,81,0.4643996649678916
409,159,1.0
409,72,1.0
409,104,1.0
409,45,1.0
409,80,1.0
409,44,1.0
409,81,1.0
410,159,1.0
410,89,1.0
410,104,1.0
410,45,1.0
410,80,1.0
410,44,1.0
410,91,1.0
411,159,1.0
411,72,1.0
411,104,1.0
411,45,1.0
411,44,1.0
411,91,1.0
411,90,1.0
411,118,1.0
412,159,1.0
412,65,1.0
412,64,1.0
412,101,1.0
412,72,1.0
412,89,1.0
412,45,1.0
412,91,1.0
413,159,1.0
413,65,0.7587683004786873
413,64,1.0
413,72,1.0
413,71,1.0
413,89,1.0
413,45,1.0
413,91,1.0
413,90,0.24123169952131276
414,159,1.0
414,65,1.0
414,72,1.0
414,71,1.0
414,89,1.0
414,45,1.0
414,44,1.0
414,91,1.0
414,90,1.0
415,159,1.0
415,45,1.0
415,80,1.0
415,44,1.0
415,81,1.0
416,159,1.0
416,104,1.0
416,45,1.0
416,80,1.0
416,44,1.0
416,81,1.0
417,159,1.0
417,45,1.0
417,80,1.0
417,44,1.0
417,81,1.0
418,159,1.0
418,45,1.0
418,80,1.0
418,44,1.0
418,81,1.0
419,159,1.0
419,104,1.0
419,45,1.0
419,80,1.0
419,44,1.0
419,81,1.0
420,159,1.0
420,89,1.0
420,45,1.0
420,80,1.0
420,117,1.0
420,118,1.0
420,81,1.0
421,159,1.0
421,89,1.0
421,117,1.0
421,118,1.0
421,115,1.0
421,116,1.0
422,159,1.0
422,89,1.0
422,91,1.0
422,117,1.0
422,118,1.0
422,115,0.13631445666578976
422,116,1.0
423,159,1.0
423,91,1.0
423,90,1.0
423,117,1.0
423,118,1.0
424,159,1.0
424,104,1.0
424,45,1.0
424,80,1.0
424,44,1.0
424,56,1.0
424,81,1.0
425,159,1.0
425,104,1.0
425,45,1.0
425,80,1.0
425,44,1.0
425,56,1.0
425,81,1.0
426,159,1.0
426,104,1.0
426,45,1.0
426,80,1.0
426,44,1.0
426,81,1.0
427,159,1.0
427,45,1.0
427,80,1.0
427,44,1.0
427,67,1.0
427,81,1.0
428,159,1.0
428,45,1.0
428,80,1.0
428,44,1.0
428,117,1.0
428,118,1.0
428,81,1.0
429,159,1.0
429,104,1.0
429,45,1.0
429,80,1.0
429,44,1.0
429,56,1.0
429,58,1.0
430,159,1.0
430,104,1.0
430,45,1.0
430,80,1.0
430,43,0.8498612438761415
430,44,1.0
430,56,1.0
430,58,1.0
431,159,1.0
431,104,1.0
431,45,1.0
431,44,1.0
431,56,1.0
431,58,1.0
431,57,1.0
432,159,1.0
432,104,1.0
432,45,1.0
432,44,1.0
432,56,1.0
432,58,1.0
432,57,1.0
433,159,1.0
433,104,1.0
433,45,1.0
433,44,1.0
433,56,1.0
433,58,1.0
434,159,1.0
434,56,1.0
434,105,1.0
434,107,1.0
434,108,1.0
434,29,1.0
435,159,1.0
435,56,1.0
435,58,1.0
435,105,1.0
435,107,1.0
435,108,1.0
435,29,1.0
436,159,1.0
436,104,1.0
436,58,1.0
436,107,1.0
436,108,1.0
436,29,1.0
437,159,1.0
437,56,1.0
437,105,1.0
437,107,1.0
437,108,1.0
437,29,1.0
438,159,1.0
438,58,1.0
438,105,1.0
438,107,1.0
438,108,1.0
438,29,1.0
439,159,1.0
439,56,1.0
439,105,1.0
439,107,1.0
439,108,1.0
439,29,1.0
439,144,1.0
440,159,1.0
440,100,1.0
440,56,1.0
440,58,1.0
440,108,1.0
440,29,1.0
440,144,1.0
441,159,1.0
441,104,1.0
441,45,1.0
441,44,1.0
441,58,1.0
441,107,1.0
441,108,1.0
441,29,1.0
442,159,1.0
442,56,1.0
442,58,1.0
442,105,1.0
442,108,1.0
442,29,1.0
442,144,1.0
443,159,1.0
443,104,1.0
443,100,1.0
443,56,1.0
443,58,1.0
443,29,1.0
443,144,1.0
444,159,1.0
444,104,1.0
444,45,1.0
444,56,1.0
444,58,1.0
444,107,1.0
444,108,1.0
444,29,1.0
444,144,1.0
445,159,1.0
445,45,1.0
445,80,1.0
445,56,1.0
445,66,1.0
445,67,1.0
445,69,1.0
446,159,1.0
446,104,1.0
446,45,1.0
446,44,1.0
446,67,1.0
446,81,1.0
446,69,1.0
447,159,1.0
447,66,1.0
447,67,1.0
447,69,1.0
447,68,0.7232962348803544
448,159,1.0
448,66,1.0
448,67,1.0
448,69,1.0
448,68,1.0
449,159,1.0
449,66,1.0
449,67,1.0
449,69,1.0
450,159,1.0
450,66,1.0
450,67,1.0
450,69,1.0
450,68,1.0
451,159,1.0
451,80,1.0
451,56,1.0
451,66,1.0
451,67,1.0
451,105,1.0
451,69,1.0
452,159,1.0
452,104,1.0
452,45,1.0
452,80,1.0
452,44,1.0
452,56,1.0
452,67,1.0
452,69,0.1718995719902609
453,159,1.0
453,104,1.0
453,45,1.0
453,44,1.0
453,58,1.0
453,67,1.0
453,81,1.0
453,69,1.0
454,159,1.0
454,66,1.0
454,67,1.0
454,69,1.0
454,68,1.0
455,159,1.0
455,80,1.0
455,66,1.0
455,67,1.0
455,69,1.0
455,68,0.5755356881294732
456,159,1.0
456,45,1.0
456,44,1.0
456,117,1.0
456,118,1.0
456,67,1.0
456,81,1.0
456,69,1.0
457,159,1.0
457,101,1.0
457,80,1.0
457,117,1.0
457,118,1.0
457,66,1.0
457,37,1.0
457,116,1.0
458,159,1.0
458,64,0.7601047750866965
458,89,1.0
458,45,1.0
458,80,1.0
458,44,1.0
458,117,1.0
458,118,1.0
458,67,1.0
458,116,0.23989522491330353
459,159,1.0
459,65,1.0
459,72,1.0
459,104,1.0
459,45,1.0
459,44,1.0
459,91,1.0
459,117,1.0
459,118,1.0
459,81,1.0
460,159,1.0
460,66,1.0
460,37,1.0
460,67,1.0
460,40,1.0
461,159,1.0
461,80,1.0
461,117,1.0
461,118,1.0
461,37,1.0
461,67,1.0
461,69,1.0
461,40,1.0
462,159,1.0
462,45,1.0
462,44,1.0
462,117,1.0
462,118,1.0
462,37,1.0
462,81,1.0
462,69,1.0
462,40,1.0
463,159,1.0
463,66,1.0
463,37,1.0
463,40,1.0
463,39,1.0
464,159,1.0
464,37,1.0
464,40,1.0
464,39,1.0
464,38,0.5555555555555556
465,159,1.0
465,117,1.0
465,118,1.0
465,37,1.0
465,69,1.0
465,40,1.0
466,159,1.0
466,66,1.0
466,37,1.0
466,40,1.0
466,39,0.44816811334220696
467,159,1.0
467,117,1.0
467,118,1.0
467,37,1.0
467,67,1.0
467,40,1.0
467,39,1.0
468,159,1.0
468,45,1.0
468,117,1.0
468,118,1.0
468,37,1.0
468,69,1.0
468,40,1.0
469,159,1.0
469,37,1.0
469,40,1.0
469,39,1.0
470,159,1.0
470,37,1.0
470,40,1.0
470,39,1.0
470,38,1.0
471,159,1.0
471,66,1.0
471,37,1.0
471,40,1.0
472,159,1.0
472,37,1.0
472,67,1.0
472,41,1.0
472,40,1.0
472,39,1.0
473,159,1.0
473,45,1.0
473,117,1.0
473,118,1.0
473,37,1.0
473,69,1.0
473,40,1.0
474,159,1.0
474,66,1.0
474,37,1.0
474,41,1.0
474,40,1.0
475,159,1.0
475,34,1.0
475,37,1.0
475,67,1.0
475,41,1.0
475,40,1.0
475,39,1.0
476,159,1.0
476,45,1.0
476,117,1.0
476,118,1.0
476,37,1.0
476,41,1.0
476,69,1.0
476,40,1.0
477,159,1.0
477,66,1.0
477,37,1.0
477,67,1.0
477,69,1.0
478,159,1.0
478,80,1.0
478,66,1.0
478,67,1.0
478,69,1.0
478,68,1.0
479,159,1.0
479,66,1.0
479,37,1.0
479,41,1.0
479,40,1.0
480,159,1.0
480,37,1.0
480,67,1.0
480,41,1.0
480,40,1.0
480,39,1.0
481,159,1.0
481,45,1.0
481,117,1.0
481,118,1.0
481,37,1.0
481,41,1.0
481,69,1.0
481,40,1.0
482,159,1.0
482,37,1.0
482,67,1.0
482,41,1.0
482,40,1.0
482,39,1.0
483,159,1.0
483,45,1.0
483,117,1.0
483,118,1.0
483,37,1.0
483,41,1.0
483,69,1.0
483,40,1.0
484,159,1.0
484,105,1.0
484,107,1.0
484,108,1.0
484,29,1.0
485,159,1.0
485,105,1.0
485,107,1.0
485,108,1.0
485,29,1.0
486,159,1.0
486,105,1.0
486,107,1.0
486,108,1.0
486,29,1.0
487,159,1.0
487,56,1.0
487,66,1.0
487,105,1.0
487,108,1.0
487,29,1.0
487,23,1.0
488,159,1.0
488,104,0.8211270311602339
488,45,0.05632722644866748
488,80,0.8211270311602339
488,100,0.8211270311602339
488,56,1.0
488,58,0.9436727735513326
488,67,0.8211270311602339
488,105,0.17887296883976617
488,107,0.17887296883976617
488,108,0.17887296883976617
488,29,1.0
488,144,0.8211270311602339
488,23,0.17887296883976617
488,61,1.0
489,159,1.0
489,45,1.0
489,58,1.0
489,107,1.0
489,108,1.0
489,29,1.0
489,23,1.0
490,159,1.0
490,56,1.0
490,66,1.0
490,67,1.0
490,105,1.0
490,29,1.0
490,69,1.0
491,159,1.0
491,80,1.0
491,56,1.0
491,66,1.0
491,67,1.0
491,108,1.0
491,29,1.0
491,69,1.0
492,159,1.0
492,104,1.0
492,45,1.0
492,44,1.0
492,58,1.0
492,67,1.0
492,81,0.616409402446215
492,107,0.38359059755378494
492,108,1.0
492,69,1.0
493,159,1.0
493,66,1.0
493,67,1.0
493,105,1.0
493,69,1.0
494,159,1.0
494,80,1.0
494,56,1.0
494,66,1.0
494,67,1.0
494,29,1.0
494,69,1.0
495,159,1.0
495,104,1.0
495,45,1.0
495,44,1.0
495,58,1.0
495,67,1.0
495,108,1.0
495,69,1.0
496,159,1.0
496,66,1.0
496,105,1.0
496,108,1.0
496,29,1.0
496,23,1.0
496,22,1.0
497,159,1.0
497,105,1.0
497,107,1.0
497,108,1.0
497,29,1.0
497,23,1.0
497,22,1.0
498,159,1.0
498,107,1.0
498,108,1.0
498,69,1.0
498,23,1.0
499,159,1.0
499,66,1.0
499,105,1.0
499,108,1.0
499,29,1.0
499,23,1.0
499,61,1.0
500,159,0.9999999999999999
500,56,0.08155553516127179
500,67,0.08155553516127179
500,105,0.9999999999999999
500,108,0.9999999999999999
500,29,0.9999999999999999
500,23,0.9999999999999999
500,61,0.9999999999999999
500,22,0.9184444648387281
501,159,1.0
501,58,1.0
501,107,1.0
501,108,1.0
501,69,1.0
501,23,1.0
501,62,1.0
502,159,1.0
502,56,1.0
502,66,1.0
502,105,1.0
502,29,1.0
502,144,1.0
502,23,1.0
502,61,1.0
502,93,1.0
503,159,1.0
503,104,1.0
503,45,0.07503421486983214
503,80,1.0
503,100,1.0
503,56,1.0
503,67,1.0
503,29,0.8844071817223562
503,144,1.0
503,61,1.0
503,26,0.040558603407811616
504,159,1.0
504,104,1.0
504,45,1.0
504,58,1.0
504,107,1.0
504,108,1.0
504,23,1.0
504,62,1.0
505,159,1.0
505,56,1.0
505,66,1.0
505,105,1.0
505,29,1.0
505,23,1.0
505,61,1.0
506,159,1.0
506,80,1.0
506,100,1.0
506,56,1.0
506,67,1.0
506,29,1.0
506,144,1.0
506,61,1.0
507,159,1.0
507,58,1.0
507,107,1.0
507,108,1.0
507,23,1.0
507,61,1.0
507,62,1.0
508,159,1.0
508,56,1.0
508,105,1.0
508,107,1.0
508,108,1.0
508,29,1.0
509,159,1.0
509,56,1.0
509,105,1.0
509,107,1.0
509,108,1.0
509,29,1.0
509,144,1.0
509,61,1.0
510,159,1.0
510,56,1.0
510,105,1.0
510,144,1.0
510,61,1.0
510,93,1.0
510,133,1.0
510,92,1.0
511,159,1.0
511,56,1.0
511,144,1.0
511,61,1.0
511,93,1.0
511,133,1.0
511,92,1.0
512,159,1.0
512,58,1.0
512,108,1.0
512,62,1.0
512,93,1.0
512,92,1.0
512,95,1.0
513,159,1.0
513,100,1.0
513,56,1.0
513,144,1.0
513,61,1.0
513,93,1.0
513,26,1.0
513,133,1.0
513,157,1.0
514,159,1.0
514,100,1.0
514,56,1.0
514,144,1.0
514,61,1.0
514,93,1.0
514,26,0.10560786040460135
514,133,1.0
514,92,0.8943921395953986
515,159,1.0
515,5,1.0
515,104,1.0
515,45,1.0
515,44,1.0
515,56,1.0
515,58,1.0
515,144,1.0
515,93,1.0
516,159,1.0
516,56,1.0
516,105,1.0
516,108,1.0
516,29,1.0
516,144,1.0
516,157,1.0
517,159,1.0
517,100,1.0
517,56,1.0
517,29,1.0
517,144,1.0
517,61,1.0
517,26,1.0
517,133,1.0
518,159,1.0
518,104,1.0
518,45,1.0
518,44,1.0
518,58,1.0
518,107,1.0
518,108,1.0
518,29,1.0
518,144,1.0
519,159,1.0
519,61,1.0
519,93,1.0
519,133,1.0
519,92,1.0
520,159,1.0
520,61,1.0
520,93,1.0
520,133,1.0
520,92,1.0
521,159,1.0
521,62,1.0
521,93,1.0
521,92,1.0
521,95,1.0
522,159,1.0
522,93,1.0
522,133,1.0
522,92,1.0
522,95,1.0
523,159,1.0
523,93,1.0
523,133,0.7745739722579904
523,92,1.0
523,95,1.0
524,159,1.0
524,93,1.0
524,92,1.0
524,95,1.0
525,159,1.0
525,93,1.0
525,133,1.0
525,92,1.0
525,95,1.0
526,159,1.0
526,93,1.0
526,133,1.0
526,92,1.0
526,95,0.023139649836108164
527,159,1.0
527,93,1.0
527,133,1.0
527,92,1.0
527,95,1.0
528,159,1.0
528,93,1.0
528,133,1.0
528,92,1.0
528,110,1.0
528,112,1.0
529,159,1.0
529,93,1.0
529,133,1.0
529,92,1.0
529,95,1.0
530,159,1.0
530,93,1.0
530,26,1.0
530,133,1.0
530,157,1.0
530,110,1.0
530,112,1.0
530,85,1.0
531,159,1.0
531,93,1.0
531,26,1.0
531,133,1.0
531,110,1.0
531,112,1.0
531,85,1.0
532,159,1.0
532,104,0.8889857264160204
532,93,1.0
532,26,0.8889857264160204
532,133,1.0
532,92,0.11101427358397965
532,95,0.11101427358397965
532,110,1.0
532,112,1.0
532,85,0.8889857264160204
532,111,0.11101427358397965
533,159,1.0
533,56,1.0
533,66,1.0
533,105,1.0
533,29,1.0
533,23,1.0
533,61,1.0
533,62,1.0
533,93,1.0
534,159,1.0
534,80,1.0
534,100,1.0
534,56,1.0
534,67,1.0
534,29,1.0
534,144,1.0
534,61,1.0
534,93,1.0
535,159,1.0
535,58,1.0
535,107,1.0
535,108,1.0
535,23,1.0
535,61,1.0
535,62,1.0
536,159,1.0
536,56,1.0
536,144,1.0
536,61,1.0
536,93,1.0
537,159,1.0
537,56,1.0
537,144,1.0
537,61,1.0
537,93,1.0
537,133,0.5163020917147272
538,159,1.0
538,58,1.0
538,108,1.0
538,61,1.0
538,62,1.0
538,93,1.0
538,95,1.0
539,159,1.0
539,105,1.0
539,61,1.0
539,62,1.0
539,93,1.0
539,92,1.0
540,159,1.0
540,61,1.0
540,62,1.0
540,93,1.0
540,92,1.0
541,159,1.0
541,61,1.0
541,62,1.0
542,159,1.0
542,61,1.0
543,159,1.0
543,61,1.0
543,62,1.0
544,159,1.0
544,61,1.0
545,159,1.0
545,61,1.0
545,62,0.6812861691517134
546,159,1.0
546,66,1.0
546,105,1.0
546,61,1.0
546,62,1.0
547,159,1.0
547,56,1.0
547,67,1.0
547,61,1.0
548,159,1.0
548,108,1.0
548,23,1.0
548,61,1.0
548,62,1.0
549,159,1.0
549,93,1.0
549,92,1.0
549,95,1.0
549,94,1.0
550,159,1.0
550,93,1.0
550,92,1.0
550,95,1.0
550,94,0.1111111111111111
551,159,1.0
551,93,1.0
551,92,1.0
551,95,1.0
552,159,1.0
552,61,1.0
552,93,1.0
553,159,1.0
553,61,1.0
553,93,1.0
554,159,1.0
554,61,1.0
554,62,1.0
554,93,1.0
554,95,1.0
555,159,1.0
555,66,1.0
555,37,1.0
555,41,1.0
555,152,1.0
555,105,1.0
555,153,1.0
556,159,1.0
556,67,1.0
556,41,1.0
556,69,1.0
556,61,1.0
556,153,1.0
557,159,1.0
557,132,0.408986910485611
557,5,0.408986910485611
557,65,0.408986910485611
557,72,0.408986910485611
557,71,0.408986910485611
557,104,1.0
557,45,1.0
557,44,1.0
557,117,0.591013089514389
557,118,0.591013089514389
557,41,0.591013089514389
557,81,0.591013089514389
557,69,0.591013089514389
557,153,0.591013089514389
558,159,1.0
558,66,1.0
558,37,1.0
558,41,1.0
558,152,1.0
558,153,1.0
559,159,1.0
559,67,1.0
559,41,1.0
559,153,1.0
560,159,1.0
560,45,1.0
560,44,1.0
560,117,1.0
560,118,1.0
560,41,1.0
560,81,0.5767623478967248
560,69,1.0
560,40,0.4232376521032753
560,153,1.0
561,159,1.0
561,66,1.0
561,37,1.0
561,41,1.0
562,159,1.0
562,37,1.0
562,67,1.0
562,41,1.0
562,153,1.0
563,159,1.0
563,45,1.0
563,44,1.0
563,117,1.0
563,118,1.0
563,41,1.0
563,69,1.0
563,40,1.0
564,159,1.0
564,66,1.0
564,37,1.0
564,67,1.0
564,41,1.0
564,153,1.0
565,159,1.0
565,80,1.0
565,37,1.0
565,67,1.0
565,41,1.0
565,153,1.0
566,159,1.0
566,104,1.0
566,45,1.0
566,44,1.0
566,91,1.0
566,117,1.0
566,118,1.0
566,41,1.0
566,81,1.0
566,69,1.0
567,159,1.0
567,67,1.0
567,41,1.0
567,153,1.0
568,159,1.0
568,45,1.0
568,44,1.0
568,117,1.0
568,118,1.0
568,41,1.0
568,81,1.0
568,69,1.0
568,40,1.0
569,159,1.0
569,37,1.0
569,152,1.0
569,153,1.0
570,159,1.0
570,41,1.0
570,152,1.0
570,153,1.0
571,159,1.0
571,104,0.5673986333062111
571,45,0.5673986333062111
571,44,0.5673986333062111
571,117,0.5673986333062111
571,118,1.0
571,41,0.43260136669378896
571,152,0.43260136669378896
571,81,0.5673986333062111
571,69,1.0
571,40,0.43260136669378896
571,153,1.0
572,159,1.0
572,66,1.0
572,37,1.0
572,41,1.0
572,152,1.0
572,153,1.0
573,159,1.0
573,67,1.0
573,41,1.0
573,153,1.0
574,159,1.0
574,45,1.0
574,44,1.0
574,117,1.0
574,118,1.0
574,41,1.0
574,81,1.0
574,69,1.0
574,40,1.0
574,153,1.0
575,159,1.0
575,66,1.0
575,37,1.0
575,152,1.0
575,105,1.0
575,153,1.0
576,159,1.0
576,67,1.0
576,41,1.0
576,152,1.0
576,61,1.0
576,153,1.0
577,159,1.0
577,45,1.0
577,44,1.0
577,58,0.881953409691082
577,118,1.0
577,108,1.0
577,69,1.0
577,23,0.11804659030891795
577,61,1.0
577,62,1.0
577,153,1.0
578,159,1.0
578,66,1.0
578,152,1.0
578,153,1.0
579,159,1.0
579,41,1.0
579,152,1.0
579,61,1.0
579,153,1.0
580,159,1.0
580,36,1.0
580,35,1.0
580,59,1.0
580,16,1.0
581,159,1.0
581,36,1.0
581,59,1.0
581,126,1.0
581,15,1.0
581,16,1.0
581,77,1.0
582,159,1.0
582,36,1.0
582,50,1.0
582,59,1.0
582,6,1.0
582,16,1.0
582,77,1.0
582,24,1.0
583,159,1.0
583,36,1.0
583,59,1.0
583,15,1.0
583,16,1.0
583,77,1.0
583,24,1.0
584,159,1.0
584,59,1.0
584,126,1.0
584,15,1.0
584,16,1.0
584,24,1.0
584,17,1.0
585,159,1.0
585,126,1.0
585,15,1.0
585,16,1.0
585,17,1.0
585,18,1.0
586,159,1.0
586,126,1.0
586,15,1.0
586,16,1.0
586,17,1.0
586,18,1.0
587,159,1.0
587,36,1.0
587,59,1.0
587,33,1.0
587,126,1.0
587,16,1.0
588,159,1.0
588,6,1.0
588,77,1.0
588,24,1.0
589,159,1.0
589,77,1.0
589,24,1.0
590,159,1.0
590,77,1.0
590,24,1.0
590,25,1.0
591,159,1.0
591,77,1.0
591,24,1.0
592,159,1.0
592,50,1.0
592,59,1.0
592,6,1.0
592,16,1.0
592,77,1.0
592,24,1.0
593,159,1.0
593,36,1.0
593,35,1.0
593,77,1.0
593,24,1.0
593,25,1.0
594,159,1.0
594,59,1.0
594,6,1.0
594,16,1.0
594,77,1.0
594,24,1.0
595,159,1.0
595,36,1.0
595,77,1.0
595,24,1.0
595,25,1.0
596,159,1.0
596,59,1.0
596,16,1.0
596,77,1.0
596,24,1.0
596,25,1.0
597,159,1.0
597,16,0.8449330435855212
597,77,1.0
597,24,1.0
597,25,0.1550669564144788
598,159,1.0
598,15,1.0
598,16,1.0
598,24,1.0
598,17,1.0
598,25,1.0
599,159,1.0
599,126,1.0
599,15,1.0
599,16,1.0
599,24,1.0
599,17,1.0
599,25,1.0
600,159,1.0
600,24,1.0
600,25,1.0
601,159,1.0
601,15,1.0
601,16,1.0
601,77,1.0
601,24,1.0
601,25,1.0
602,159,1.0
602,15,1.0
602,16,1.0
602,77,1.0
602,24,1.0
602,25,1.0
603,159,1.0
603,126,1.0
603,15,1.0
603,16,1.0
603,24,1.0
603,17,1.0
603,25,1.0
604,159,1.0
604,126,1.0
604,15,1.0
604,16,1.0
604,77,1.0
604,24,1.0
604,17,0.6742322236662017
604,25,1.0
605,159,1.0
605,5,1.0
605,126,1.0
605,15,1.0
605,16,1.0
605,77,1.0
605,24,1.0
605,25,1.0
606,159,1.0
606,157,1.0
606,24,1.0
606,156,1.0
606,158,1.0
607,159,1.0
607,15,1.0
607,16,1.0
607,157,1.0
607,156,1.0
607,158,1.0
608,159,1.0
608,16,1.0
608,157,1.0
608,156,1.0
608,158,1.0
609,159,1.0
609,157,1.0
609,24,1.0
609,25,1.0
609,156,1.0
609,158,1.0
610,159,1.0
610,15,1.0
610,16,1.0
610,157,0.816499599623949
610,77,0.18350040037605098
610,24,1.0
610,156,0.816499599623949
610,158,1.0
610,47,1.0
611,159,1.0
611,157,1.0
611,24,1.0
611,25,1.0
611,156,1.0
611,158,1.0
612,159,1.0
612,15,1.0
612,16,1.0
612,26,1.0
612,77,1.0
612,24,1.0
612,158,1.0
612,47,1.0
613,159,1.0
613,157,1.0
613,24,1.0
613,156,1.0
613,158,1.0
614,159,1.0
614,26,1.0
614,157,1.0
614,156,1.0
614,158,1.0
614,47,1.0
615,159,1.0
615,126,1.0
615,15,1.0
615,16,1.0
616,159,1.0
616,126,1.0
616,15,1.0
616,16,1.0
616,17,1.0
616,18,0.3417801544587631
617,159,1.0
617,126,1.0
617,15,1.0
617,16,1.0
617,17,1.0
617,18,1.0
618,159,1.0
618,157,1.0
618,24,1.0
618,156,1.0
618,158,1.0
619,159,1.0
619,126,1.0
619,15,1.0
619,16,1.0
619,100,1.0
619,158,1.0
620,159,1.0
620,126,1.0
620,15,1.0
620,16,1.0
620,100,1.0
620,158,1.0
621,159,1.0
621,16,1.0
621,100,1.0
621,157,1.0
621,156,1.0
621,158,1.0
622,159,1.0
622,100,1.0
622,99,0.585654150998758
623,159,1.0
623,104,0.505922696636566
623,100,1.0
623,56,1.0
623,144,1.0
623,99,0.3059248655838652
624,159,1.0
624,16,1.0
624,100,1.0
624,26,1.0
624,158,1.0
625,159,1.0
625,157,1.0
625,156,1.0
625,158,1.0
626,159,1.0
626,15,1.0
626,16,1.0
626,100,1.0
626,26,1.0
626,158,1.0
627,159,1.0
627,16,1.0
627,100,1.0
627,26,1.0
627,85,1.0
627,158,1.0
627,47,1.0
628,159,1.0
628,26,1.0
628,157,1.0
628,85,1.0
628,156,0.8212566231744788
628,158,1.0
628,47,1.0
629,159,1.0
629,157,1.0
629,24,1.0
629,156,1.0
629,158,1.0
630,159,1.0
630,26,1.0
630,157,1.0
630,156,1.0
630,158,1.0
630,47,1.0
631,159,1.0
631,16,1.0
631,100,1.0
631,26,1.0
631,85,1.0
631,158,1.0
631,47,1.0
632,159,1.0
632,26,1.0
632,85,1.0
633,159,1.0
633,26,1.0
633,85,1.0
633,24,0.6045964866299732
634,159,1.0
634,26,1.0
634,85,1.0
635,159,1.0
635,26,1.0
635,85,1.0
636,159,1.0
636,26,1.0
636,85,1.0
637,159,1.0
637,16,0.1449128430858584
637,100,1.0
637,144,0.8550871569141416
637,26,1.0
637,85,1.0
637,158,1.0
638,159,1.0
638,132,0.6533218823973648
638,5,1.0
638,4,0.3466781176026353
638,104,1.0
638,100,1.0
638,26,1.0
638,158,1.0
639,159,1.0
639,100,1.0
639,56,1.0
639,144,1.0
639,26,1.0
639,85,1.0
639,158,1.0
640,159,1.0
640,100,1.0
640,26,1.0
640,85,1.0
640,158,1.0
641,159,1.0
641,104,1.0
641,56,1.0
641,58,1.0
641,57,1.0
642,159,1.0
642,104,1.0
642,45,1.0
642,44,1.0
642,56,1.0
642,58,1.0
643,159,1.0
643,100,1.0
643,56,1.0
643,144,1.0
644,159,1.0
644,100,1.0
644,56,1.0
644,144,1.0
645,159,1.0
645,100,1.0
645,56,1.0
645,144,1.0
645,26,1.0
646,159,1.0
646,100,1.0
646,144,1.0
646,145,1.0
647,159,1.0
647,104,1.0
647,100,1.0
647,58,1.0
647,144,1.0
647,145,1.0
648,159,1.0
648,100,1.0
648,56,1.0
648,144,1.0
648,145,0.5668006664073821
649,159,1.0
649,100,1.0
649,56,0.10142655528112943
649,144,1.0
649,26,1.0
649,133,1.0
649,157,1.0
649,85,0.8985734447188706
649,24,1.0
650,159,1.0
650,100,1.0
650,56,1.0
650,144,1.0
650,26,1.0
650,133,1.0
650,85,1.0
651,159,1.0
651,5,1.0
651,4,1.0
651,104,1.0
651,45,1.0
651,100,1.0
651,144,1.0
651,26,1.0
652,159,1.0
652,100,1.0
652,144,1.0
652,26,1.0
652,133,1.0
652,157,1.0
652,85,1.0
652,24,1.0
653,159,1.0
653,100,1.0
653,56,1.0
653,144,1.0
653,26,1.0
653,133,0.40550323643422614
653,85,1.0
653,158,1.0
654,159,1.0
654,5,1.0
654,104,1.0
654,45,1.0
654,100,1.0
654,144,1.0
654,26,1.0
654,85,1.0
655,159,1.0
655,100,1.0
655,26,1.0
655,85,1.0
655,158,1.0
656,159,1.0
656,100,1.0
656,26,1.0
656,85,1.0
656,24,1.0
657,159,1.0
657,100,1.0
657,26,1.0
657,85,1.0
657,158,1.0
658,159,1.0
658,5,1.0
658,104,1.0
658,100,1.0
658,26,1.0
658,85,1.0
659,159,1.0
659,100,1.0
659,144,1.0
659,26,1.0
659,133,1.0
659,157,1.0
659,110,0.8002513939735133
659,85,1.0
659,24,0.1997486060264867
660,159,1.0
660,100,1.0
660,144,1.0
660,26,1.0
660,133,1.0
660,110,1.0
660,85,1.0
661,159,1.0
661,5,1.0
661,104,1.0
661,45,1.0
661,100,1.0
661,144,1.0
661,26,1.0
661,133,1.0
661,85,1.0
662,159,1.0
662,100,1.0
662,56,1.0
662,144,1.0
662,26,1.0
662,133,1.0
662,157,1.0
662,24,1.0
663,159,1.0
663,100,1.0
663,56,1.0
663,144,1.0
663,26,1.0
663,133,1.0
663,85,1.0
664,159,1.0
664,5,1.0
664,104,1.0
664,45,1.0
664,44,1.0
664,100,1.0
664,56,1.0
664,144,1.0
664,26,1.0
665,159,1.0
665,26,1.0
665,85,1.0
665,24,1.0
666,159,1.0
666,26,1.0
666,85,1.0
667,159,1.0
667,110,1.0
667,112,1.0
667,111,1.0
668,159,1.0
668,26,1.0
668,133,1.0
668,157,1.0
668,110,1.0
668,112,1.0
668,85,1.0
669,159,1.0
669,26,1.0
669,133,1.0
669,110,1.0
669,112,1.0
669,85,1.0
670,159,1.0
670,133,1.0
670,110,1.0
670,112,1.0
670,111,1.0
671,159,1.0
671,133,1.0
671,110,1.0
671,112,1.0
671,111,1.0
672,159,1.0
672,133,1.0
672,110,1.0
672,112,1.0
672,111,1.0
673,159,1.0
673,133,1.0
673,110,1.0
673,112,1.0
673,111,1.0
674,159,1.0
674,133,1.0
674,110,1.0
674,112,1.0
674,111,1.0
675,159,1.0
675,133,1.0
675,110,1.0
675,112,1.0
675,111,1.0
676,159,1.0
676,133,1.0
676,110,1.0
676,112,1.0
676,111,1.0
677,159,1.0
677,144,1.0
677,93,1.0
677,26,1.0
677,133,1.0
677,157,1.0
677,110,1.0
678,159,1.0
678,144,1.0
678,93,1.0
678,26,1.0
678,133,1.0
678,110,1.0
679,159,1.0
679,144,1.0
679,93,1.0
679,26,1.0
679,133,1.0
679,157,1.0
680,159,1.0
680,144,1.0
680,93,1.0
680,26,1.0
680,133,1.0
680,110,1.0
681,159,1.0
681,5,1.0
681,104,1.0
681,45,1.0
681,58,1.0
681,93,1.0
681,133,1.0
682,159,1.0
682,133,1.0
682,110,1.0
683,159,1.0
683,133,1.0
683,110,1.0
683,112,0.6233714181559533
684,159,1.0
684,133,1.0
685,159,1.0
685,133,1.0
686,159,1.0
686,133,1.0
687,159,1.0
687,26,1.0
687,133,1.0
687,110,1.0
687,112,1.0
688,159,1.0
688,26,1.0
688,133,1.0
688,110,1.0
688,112,1.0
689,159,1.0
689,6,1.0
689,77,1.0
689,24,1.0
690,159,1.0
690,6,1.0
690,77,1.0
691,159,1.0
691,77,1.0
691,24,1.0
691,25,1.0
692,159,1.0
692,6,1.0
692,77,1.0
693,159,1.0
693,77,1.0
693,24,1.0
693,25,1.0
694,159,1.0
694,6,1.0
694,77,1.0
694,24,1.0
695,159,1.0
695,36,1.0
695,146,1.0
695,6,1.0
695,77,1.0
695,24,1.0
695,25,1.0
696,159,1.0
696,6,1.0
696,16,0.029234401929775444
696,77,1.0
696,24,1.0
696,76,0.9707655980702246
696,86,0.9707655980702246
696,119,0.9707655980702246
696,0,0.029234401929775444
696,83,0.029234401929775444
697,159,1.0
697,132,1.0
697,6,1.0
697,5,1.0
697,77,1.0
697,24,1.0
697,0,1.0
697,83,1.0
698,159,1.0
698,77,1.0
698,24,1.0
698,25,1.0
699,159,1.0
699,6,1.0
699,77,1.0
699,24,1.0
700,159,1.0
700,6,1.0
700,77,1.0
700,24,1.0
701,159,1.0
701,36,1.0
701,146,1.0
701,6,1.0
701,77,1.0
701,24,1.0
701,25,1.0
701,83,1.0
702,159,1.0
702,6,1.0
702,77,1.0
702,24,1.0
702,0,1.0
702,83,1.0
702,48,1.0
703,159,1.0
703,6,1.0
703,77,1.0
703,24,1.0
703,86,1.0
703,119,1.0
703,83,1.0
703,48,1.0
704,159,1.0
704,77,1.0
704,24,1.0
704,25,1.0
704,86,1.0
704,119,1.0
704,48,1.0
705,159,1.0
705,6,1.0
705,77,1.0
705,86,1.0
705,119,1.0
705,48,1.0
706,159,1.0
706,86,1.0
706,119,1.0
706,87,1.0
707,159,1.0
707,77,1.0
707,24,1.0
707,25,1.0
707,86,1.0
707,119,1.0
708,159,0.9999999999999999
708,77,0.9999999999999999
708,86,0.9999999999999999
708,119,0.9999999999999999
708,48,0.9999999999999999
708,87,0.3414746625981234
708,113,0.6585253374018765
709,159,1.0
709,77,1.0
709,86,1.0
709,119,1.0
709,48,1.0
709,113,1.0
710,159,1.0
710,36,1.0
710,146,1.0
710,6,1.0
710,77,1.0
710,24,1.0
710,25,1.0
710,83,1.0
710,48,1.0
711,159,1.0
711,6,1.0
711,77,1.0
711,86,1.0
711,119,1.0
711,83,1.0
711,48,1.0
711,113,1.0
712,159,1.0
712,157,0.2054977219253126
712,77,1.0
712,24,1.0
712,25,1.0
712,158,1.0
712,47,1.0
713,159,1.0
713,16,1.0
713,26,1.0
713,85,1.0
713,77,1.0
713,24,1.0
713,158,1.0
713,47,1.0
714,159,1.0
714,85,1.0
714,24,1.0
714,25,1.0
714,47,1.0
715,159,1.0
715,26,1.0
715,85,1.0
715,158,1.0
715,47,1.0
716,159,1.0
716,26,1.0
716,85,1.0
716,77,1.0
716,158,1.0
716,47,1.0
717,159,1.0
717,157,1.0
717,77,1.0
717,24,1.0
717,25,1.0
717,47,1.0
717,119,1.0
718,159,1.0
718,6,1.0
718,15,0.7087763703670278
718,16,1.0
718,26,0.29122362963297216
718,85,1.0
718,77,1.0
718,24,1.0
718,158,1.0
718,47,1.0
719,159,1.0
719,132,1.0
719,5,1.0
719,16,1.0
719,85,1.0
719,77,1.0
719,24,1.0
719,158,1.0
719,47,1.0
720,159,1.0
720,36,1.0
720,77,1.0
720,24,1.0
720,25,1.0
721,159,1.0
721,16,1.0
721,77,1.0
721,24,1.0
721,47,1.0
722,159,1.0
722,36,1.0
722,77,1.0
722,24,1.0
722,25,1.0
722,47,1.0
723,159,1.0
723,77,1.0
723,24,1.0
723,25,1.0
723,47,1.0
723,76,0.6000421424708723
723,86,1.0
723,119,1.0
724,159,1.0
724,24,1.0
724,25,1.0
724,47,1.0
724,86,1.0
724,119,1.0
724,113,1.0
725,159,1.0
725,47,1.0
725,86,1.0
725,119,1.0
725,113,1.0
725,120,1.0
726,159,1.0
726,47,1.0
726,86,1.0
726,119,1.0
726,113,1.0
726,120,0.07733335258974196
727,159,1.0
727,85,1.0
727,24,1.0
727,25,1.0
727,47,1.0
727,119,1.0
727,113,1.0
728,159,1.0
728,85,1.0
728,77,0.9740979601596156
728,47,1.0
728,86,0.025902039840384406
728,119,1.0
728,113,1.0
729,159,1.0
729,85,1.0
729,24,1.0
729,25,1.0
729,47,1.0
730,159,1.0
730,26,1.0
730,85,1.0
730,77,1.0
730,47,1.0
731,159,1.0
731,77,1.0
731,24,1.0
731,25,1.0
731,86,1.0
731,119,1.0
731,48,1.0
731,113,1.0
732,159,1.0
732,77,1.0
732,86,1.0
732,119,1.0
732,48,1.0
732,113,1.0
733,159,1.0
733,77,1.0
733,47,1.0
733,86,1.0
733,119,1.0
733,48,1.0
733,113,1.0
734,159,1.0
734,24,1.0
734,25,1.0
734,86,1.0
734,119,1.0
734,113,1.0
735,159,1.0
735,77,1.0
735,47,1.0
735,86,1.0
735,119,1.0
735,48,1.0
735,113,1.0
736,159,1.0
736,26,0.6911079829777772
736,85,1.0
736,47,1.0
737,159,1.0
737,85,1.0
737,47,1.0
738,159,1.0
738,47,1.0
738,46,1.0
739,159,0.9999999999999999
739,85,0.3999999999999999
739,47,0.9999999999999999
739,46,0.6
740,159,1.0
740,26,1.0
740,85,1.0
740,24,1.0
740,47,1.0
741,159,1.0
741,26,1.0
741,85,1.0
741,47,1.0
742,159,1.0
742,26,1.0
742,85,1.0
742,24,1.0
742,47,1.0
743,159,1.0
743,26,1.0
743,85,1.0
743,47,1.0
744,159,1.0
744,26,1.0
744,85,1.0
744,24,1.0
744,47,1.0
745,159,1.0
745,26,1.0
745,85,1.0
745,47,1.0
746,159,1.0
746,26,1.0
746,85,1.0
746,24,1.0
746,47,1.0
747,159,1.0
747,26,1.0
747,85,1.0
747,47,1.0
748,159,1.0
748,26,1.0
748,85,1.0
748,47,1.0
749,159,1.0
749,85,1.0
749,47,1.0
749,84,1.0
749,150,1.0
749,151,1.0
750,159,1.0
750,26,1.0
750,85,1.0
750,47,1.0
750,84,0.6431679783480216
750,151,0.6431679783480216
751,159,1.0
751,85,1.0
751,47,1.0
751,84,1.0
752,159,1.0
752,85,1.0
752,47,1.0
752,84,0.07137686870796234
753,159,1.0
753,26,1.0
753,85,1.0
754,159,1.0
754,26,1.0
754,85,1.0
755,159,1.0
755,26,1.0
755,85,1.0
756,159,1.0
756,26,1.0
756,85,1.0
757,159,1.0
757,26,1.0
757,85,1.0
758,159,1.0
758,26,1.0
758,85,1.0
759,159,1.0
759,26,1.0
759,85,1.0
760,159,1.0
760,26,1.0
760,85,1.0
761,159,1.0
761,26,1.0
761,85,1.0
762,159,1.0
762,6,1.0
762,77,1.0
762,83,1.0
762,48,1.0
763,159,1.0
763,77,1.0
763,24,1.0
763,25,1.0
763,83,1.0
763,48,1.0
764,159,1.0
764,77,1.0
764,83,1.0
764,48,1.0
764,113,0.7129185905061641
765,159,1.0
765,77,1.0
765,24,1.0
765,25,1.0
765,48,1.0
766,159,1.0
766,77,1.0
766,48,1.0
766,113,1.0
767,159,1.0
767,24,1.0
767,25,0.3873760816058451
767,48,1.0
767,113,1.0
768,159,1.0
768,77,1.0
768,48,1.0
768,113,1.0
769,159,1.0
769,77,1.0
769,48,1.0
769,113,1.0
770,159,1.0
770,77,1.0
770,48,1.0
770,113,1.0
771,159,1.0
771,77,1.0
771,48,1.0
771,113,1.0
772,159,1.0
772,48,1.0
772,113,1.0
772,114,1.0
773,159,1.0
773,48,1.0
773,113,1.0
774,159,1.0
774,48,1.0
774,113,1.0
775,159,1.0
775,48,1.0
775,113,1.0
776,159,1.0
776,24,1.0
776,48,1.0
776,113,1.0
777,159,1.0
777,48,1.0
777,113,1.0
778,159,1.0
778,48,1.0
778,113,1.0
779,159,1.0
779,146,1.0
779,24,1.0
779,25,1.0
779,83,1.0
779,48,1.0
780,159,1.0
780,77,1.0
780,83,1.0
780,48,1.0
780,113,1.0
781,159,1.0
781,24,1.0
781,25,1.0
781,83,1.0
781,48,1.0
782,159,1.0
782,83,1.0
782,48,1.0
782,113,1.0
783,159,0.9999999999999999
783,83,0.1971386499156349
783,48,0.9999999999999999
783,113,0.9999999999999999
783,49,0.802861350084365
784,159,1.0
784,24,1.0
784,25,1.0
784,119,1.0
784,48,1.0
784,113,1.0
785,159,1.0
785,47,0.9040237645504436
785,119,1.0
785,48,1.0
785,113,1.0
785,114,0.09597623544955639
786,159,1.0
786,24,1.0
786,119,1.0
786,113,1.0
786,150,1.0
786,151,1.0
787,159,1.0
787,85,1.0
787,47,1.0
787,119,1.0
787,48,1.0
787,113,1.0
787,151,1.0
788,159,1.0
788,150,1.0
788,151,1.0
789,159,1.0
789,85,1.0
789,47,1.0
789,150,1.0
789,151,1.0
790,159,1.0
790,85,1.0
790,150,1.0
790,151,1.0
791,159,1.0
791,26,1.0
791,85,1.0
791,47,1.0
791,84,1.0
791,151,1.0
792,159,1.0
792,150,1.0
792,151,1.0
793,159,1.0
793,24,1.0
793,25,1.0
793,47,1.0
793,119,1.0
793,48,1.0
793,113,1.0
794,159,1.0
794,85,1.0
794,47,1.0
794,119,1.0
794,48,1.0
794,113,1.0
795,159,1.0
795,24,1.0
795,48,1.0
795,113,1.0
795,150,1.0
795,151,1.0
796,159,1.0
796,85,1.0
796,47,1.0
796,119,1.0
796,48,1.0
796,113,1.0
796,151,1.0
797,159,1.0
797,24,1.0
797,25,1.0
797,47,1.0
797,48,1.0
797,113,1.0
798,159,1.0
798,85,0.5084470641445338
798,47,1.0
798,119,1.0
798,48,1.0
798,113,1.0
799,159,1.0
799,85,1.0
799,47,1.0
799,119,1.0
799,48,1.0
799,113,1.0
799,151,1.0
800,159,1.0
800,113,1.0
800,150,1.0
800,151,1.0
801,159,1.0
801,85,1.0
801,47,1.0
801,119,1.0
801,48,0.13549199920449584
801,113,1.0
801,150,0.8645080007955042
801,151,1.0
802,159,1.0
802,150,1.0
802,151,1.0
803,159,1.0
803,85,1.0
803,150,1.0
803,151,1.0
804,159,1.0
804,85,1.0
804,150,1.0
804,151,1.0
805,159,1.0
805,19,1.0
805,20,1.0
805,21,1.0
805,146,1.0
806,159,1.0
806,19,1.0
806,20,1.0
806,21,1.0
806,55,1.0
806,146,1.0
807,159,1.0
807,19,1.0
807,21,1.0
807,55,1.0
807,50,1.0
808,159,1.0
808,19,1.0
808,36,1.0
808,55,1.0
808,35,1.0
808,50,1.0
808,146,1.0
809,159,1.0
809,19,1.0
809,21,1.0
809,55,1.0
809,50,1.0
810,159,1.0
810,19,1.0
810,20,1.0
810,21,1.0
810,55,1.0
810,146,1.0
810,147,1.0
811,159,1.0
811,19,1.0
811,55,1.0
811,146,1.0
812,159,1.0
812,19,1.0
812,55,1.0
812,146,1.0
813,159,1.0
813,19,1.0
813,146,1.0
813,147,1.0
814,159,1.0
814,19,1.0
814,21,1.0
814,55,1.0
814,50,1.0
814,146,1.0
814,147,1.0
815,159,1.0
815,19,1.0
815,146,1.0
815,147,1.0
816,159,1.0
816,19,1.0
816,21,1.0
816,55,1.0
816,146,1.0
816,147,1.0
817,159,1.0
817,19,1.0
817,21,1.0
817,55,1.0
817,146,1.0
817,147,1.0
818,159,1.0
818,146,1.0
818,6,0.40316950531371887
818,0,1.0
818,1,0.5968304946862812
819,159,1.0
819,6,1.0
819,0,1.0
820,159,1.0
820,6,1.0
820,0,1.0
821,159,1.0
821,6,1.0
821,0,1.0
822,159,1.0
822,55,1.0
822,146,1.0
822,6,1.0
822,0,1.0
822,147,1.0
823,159,1.0
823,55,1.0
823,146,1.0
823,6,1.0
823,0,1.0
823,147,1.0
823,1,1.0
824,159,1.0
824,146,1.0
824,6,1.0
824,0,1.0
824,147,1.0
825,159,1.0
825,55,1.0
825,146,1.0
825,6,1.0
825,0,1.0
825,147,1.0
825,1,0.23855358108395297
826,159,1.0
826,6,1.0
826,0,1.0
827,159,1.0
827,6,1.0
827,0,1.0
827,83,1.0
828,159,1.0
828,146,1.0
828,6,1.0
828,0,1.0
828,83,1.0
829,159,1.0
829,6,1.0
829,0,1.0
829,83,1.0
830,159,1.0
830,6,1.0
830,0,1.0
830,83,1.0
831,159,1.0
831,6,1.0
831,0,1.0
831,83,1.0
832,159,1.0
832,6,1.0
832,0,1.0
833,159,1.0
833,19,1.0
833,36,1.0
833,55,1.0
833,50,1.0
833,109,1.0
833,6,1.0
834,159,1.0
834,19,1.0
834,55,1.0
834,50,1.0
834,6,1.0
835,159,1.0
835,19,1.0
835,55,1.0
835,50,1.0
835,6,1.0
836,159,1.0
836,19,1.0
836,55,1.0
836,50,1.0
836,6,1.0
837,159,1.0
837,36,1.0
837,55,1.0
837,35,1.0
837,50,1.0
837,146,1.0
837,6,1.0
838,159,1.0
838,19,1.0
838,55,1.0
838,50,1.0
838,6,1.0
839,159,1.0
839,50,1.0
839,6,1.0
840,159,1.0
840,50,1.0
840,6,1.0
841,159,1.0
841,55,1.0
841,50,1.0
841,6,1.0
841,77,1.0
841,0,1.0
842,159,1.0
842,55,1.0
842,50,1.0
842,6,1.0
842,0,1.0
843,159,1.0
843,19,0.14161769404058078
843,55,1.0
843,50,1.0
843,146,1.0
843,6,1.0
843,0,1.0
843,147,0.8583823059594192
844,159,1.0
844,50,1.0
844,146,0.2483654366528947
844,6,1.0
844,0,1.0
845,159,1.0
845,6,1.0
845,0,1.0
846,159,1.0
846,146,1.0
846,6,1.0
847,159,1.0
847,6,1.0
848,159,1.0
848,6,1.0
848,0,1.0
849,159,1.0
849,6,1.0
849,0,1.0
849,83,1.0
850,159,1.0
850,146,1.0
850,6,1.0
850,0,1.0
851,159,1.0
851,6,1.0
851,0,1.0
852,159,1.0
852,6,1.0
852,77,1.0
852,0,1.0
852,83,1.0
853,159,1.0
853,6,1.0
853,77,1.0
853,0,1.0
853,83,1.0
854,159,1.0
854,6,1.0
854,77,1.0
854,0,1.0
855,159,1.0
855,6,1.0
855,77,1.0
855,0,1.0
855,83,1.0
856,159,1.0
856,6,1.0
856,77,1.0
856,0,1.0
856,83,1.0
857,159,1.0
857,0,1.0
857,83,1.0
858,159,1.0
858,0,1.0
858,83,1.0
859,159,1.0
859,6,1.0
859,0,1.0
859,83,1.0
860,159,1.0
860,146,1.0
860,0,1.0
860,83,1.0
861,159,1.0
861,6,1.0
861,0,1.0
861,83,1.0
862,159,1.0
862,6,1.0
862,0,1.0
862,83,1.0
863,159,1.0
863,6,1.0
863,0,1.0
863,83,1.0
864,159,1.0
864,0,1.0
864,83,1.0
865,159,1.0
865,83,1.0
865,82,1.0
866,159,1.0
866,0,1.0
866,83,1.0
867,159,1.0
867,6,1.0
867,0,1.0
867,83,1.0
868,159,1.0
868,146,1.0
868,24,0.3968670187118273
868,0,1.0
868,83,1.0
869,159,1.0
869,6,1.0
869,0,1.0
869,83,1.0
870,159,1.0
870,6,1.0
870,0,1.0
870,83,1.0
871,159,1.0
871,146,1.0
871,24,1.0
871,0,1.0
871,83,1.0
872,159,1.0
872,6,1.0
872,0,1.0
872,83,1.0
873,159,1.0
873,6,1.0
873,0,1.0
873,83,1.0
874,159,1.0
874,6,1.0
874,0,1.0
874,83,1.0
875,159,1.0
875,6,1.0
875,0,1.0
875,83,1.0
876,159,1.0
876,6,1.0
876,0,1.0
876,83,1.0
877,159,1.0
877,146,1.0
877,0,1.0
877,83,1.0
878,159,1.0
878,0,1.0
878,83,1.0
879,159,1.0
879,19,1.0
879,20,1.0
879,21,1.0
879,55,1.0
879,146,1.0
879,147,1.0
880,159,1.0
880,26,1.0
880,85,1.0
880,24,1.0
880,47,1.0
881,159,1.0
881,26,1.0
881,85,1.0
881,47,1.0
882,159,1.0
882,80,1.0
882,67,1.0
882,41,1.0
882,29,1.0
882,69,1.0
882,61,1.0
882,153,1.0
883,159,1.0
883,66,1.0
883,37,1.0
883,152,1.0
883,105,1.0
883,61,1.0
883,153,1.0
884,159,1.0
884,80,1.0
884,67,1.0
884,41,1.0
884,29,1.0
884,69,1.0
884,61,1.0
884,153,1.0
885,159,1.0
885,104,0.018714959077599347
885,45,1.0
885,44,1.0
885,58,1.0
885,117,0.018714959077599347
885,118,1.0
885,81,0.018714959077599347
885,108,0.9812850409224007
885,69,1.0
885,23,0.9812850409224007
885,61,1.0
885,62,0.9812850409224007
885,153,0.9812850409224007
886,159,1.0
886,66,1.0
886,37,1.0
886,152,1.0
886,105,1.0
886,61,1.0
886,153,1.0
887,159,1.0
887,80,1.0
887,56,1.0
887,67,1.0
887,41,1.0
887,29,1.0
887,61,1.0
887,153,1.0
888,159,1.0
888,45,1.0
888,58,1.0
888,107,1.0
888,108,1.0
888,69,1.0
888,23,1.0
888,61,1.0
888,62,1.0
888,153,1.0
889,159,1.0
889,52,0.4779055059465112
889,53,1.0
889,154,1.0
889,137,1.0
889,74,1.0
889,27,1.0
889,8,1.0
889,101,1.0
890,159,1.0
890,149,0.07662496910338981
890,8,1.0
890,64,0.07662496910338981
890,7,1.0
890,32,1.0
890,30,0.7221523927064051
890,31,0.9233750308966102
891,159,1.0
891,97,1.0
891,8,1.0
891,65,1.0
891,7,1.0
891,32,1.0
891,31,1.0
892,159,1.0
892,8,1.0
892,65,1.0
892,64,1.0
892,101,1.0
892,7,1.0
892,32,1.0
893,159,1.0
893,154,1.0
893,27,1.0
893,155,1.0
893,14,1.0
893,28,1.0
893,125,1.0
893,149,1.0
893,8,1.0
894,159,1.0
894,66,1.0
894,37,1.0
894,41,1.0
894,9,1.0
894,152,1.0
895,159,1.0
895,9,1.0
895,11,1.0
895,10,1.0
896,159,1.0
896,132,1.0
896,5,1.0
896,65,1.0
896,72,1.0
896,71,1.0
896,104,1.0
896,45,1.0
896,44,1.0
896,91,1.0
897,159,1.0
897,66,1.0
897,37,1.0
897,41,1.0
897,152,1.0
897,105,1.0
897,153,1.0
898,159,1.0
898,80,1.0
898,37,1.0
898,67,1.0
898,41,1.0
898,61,1.0
898,153,1.0
899,159,1.0
899,132,1.0
899,5,1.0
899,65,1.0
899,72,1.0
899,71,1.0
899,104,1.0
899,45,1.0
899,44,1.0
899,91,1.0
900,159,1.0
900,53,1.0
900,154,1.0
900,27,1.0
900,155,1.0
900,14,1.0
901,159,1.0
901,154,1.0
901,27,1.0
901,155,1.0
901,14,1.0
902,159,1.0
902,53,0.5947131739813853
902,154,1.0
902,74,1.0
902,27,1.0
902,28,1.0
903,159,1.0
903,75,1.0
903,27,1.0
903,155,1.0
903,14,1.0
903,28,1.0
904,159,1.0
904,139,1.0
904,27,1.0
904,155,1.0
904,14,1.0
904,28,1.0
905,159,1.0
905,52,1.0
905,53,1.0
905,154,1.0
905,75,1.0
905,74,1.0
905,27,1.0
906,159,1.0
906,154,1.0
906,75,1.0
906,74,1.0
906,27,1.0
906,155,1.0
906,14,1.0
906,28,1.0
907,159,1.0
907,65,1.0
907,64,1.0
907,72,1.0
907,89,1.0
907,80,1.0
907,141,1.0
907,142,1.0
907,12,1.0
908,159,1.0
908,65,1.0
908,103,1.0
908,32,1.0
908,72,1.0
908,71,1.0
908,45,1.0
908,13,1.0
908,91,1.0
908,90,1.0
908,118,1.0
909,159,1.0
909,36,1.0
909,65,1.0
909,64,1.0
909,101,1.0
909,89,1.0
909,80,1.0
909,142,1.0
910,159,1.0
910,65,0.874238980920438
910,64,0.874238980920438
910,101,0.6749852383397562
910,72,0.874238980920438
910,89,1.0
910,80,0.874238980920438
910,141,0.3250147616602438
910,142,1.0
910,12,0.3250147616602438
910,91,0.12576101907956208
910,118,0.12576101907956208
910,34,0.12576101907956208
911,159,1.0
911,65,1.0
911,103,1.0
911,72,1.0
911,71,1.0
911,45,1.0
911,44,0.3600504187801563
911,13,1.0
911,91,1.0
911,90,1.0
911,118,1.0
912,159,1.0
912,141,1.0
912,142,1.0
912,140,1.0
912,143,1.0
913,159,1.0
913,65,1.0
913,141,1.0
913,142,1.0
913,140,1.0
913,13,1.0
914,159,1.0
914,32,1.0
914,141,1.0
914,142,1.0
914,140,1.0
915,159,1.0
915,65,1.0
915,32,1.0
915,141,1.0
915,142,1.0
915,31,1.0
915,140,1.0
915,13,1.0
916,159,1.0
916,141,1.0
916,142,1.0
916,140,1.0
916,12,0.12317493022945676
916,143,0.2
917,159,1.0
917,65,1.0
917,103,1.0
917,32,1.0
917,141,1.0
917,142,1.0
917,140,1.0
917,13,1.0
918,159,1.0
918,54,1.0
918,154,1.0
918,75,1.0
918,27,1.0
918,155,1.0
918,14,1.0
918,28,1.0
918,8,1.0
919,159,1.0
919,52,1.0
919,53,1.0
919,154,1.0
919,137,1.0
919,74,1.0
919,27,1.0
919,8,1.0
920,159,1.0
920,54,1.0
920,154,1.0
920,75,1.0
920,27,1.0
920,155,1.0
920,14,1.0
920,28,1.0
920,8,1.0
921,159,1.0
921,54,1.0
921,154,1.0
921,75,1.0
921,27,1.0
921,155,1.0
921,14,1.0
921,28,1.0
921,8,1.0
922,159,1.0
922,54,1.0
922,154,1.0
922,75,1.0
922,27,1.0
922,155,1.0
922,14,1.0
922,28,1.0
922,8,1.0
923,159,1.0
923,139,1.0
923,27,1.0
923,155,1.0
923,14,1.0
923,28,1.0
923,132,1.0
923,8,1.0
923,65,1.0
924,159,1.0
924,54,1.0
924,154,1.0
924,75,1.0
924,27,1.0
924,155,1.0
924,14,1.0
924,28,1.0
924,8,1.0
925,159,1.0
925,6,1.0
925,0,1.0
925,83,1.0
926,159,1.0
926,66,1.0
926,37,1.0
926,67,1.0
926,152,1.0
926,105,1.0
926,153,1.0
927,159,1.0
927,89,1.0
927,104,1.0
927,45,1.0
927,80,1.0
927,44,1.0
927,56,1.0
927,67,1.0
927,61,1.0
928,159,1.0
928,65,1.0
928,64,1.0
928,101,1.0
928,72,1.0
928,63,0.1200966624592991
928,89,1.0
928,80,1.0
928,142,1.0
929,159,1.0
929,132,1.0
929,5,1.0
929,65,1.0
929,103,1.0
929,72,1.0
929,71,1.0
929,104,1.0
929,45,1.0
929,91,1.0
930,159,1.0
930,89,1.0
930,141,1.0
930,142,1.0
930,140,1.0
930,12,1.0
