Geocode,Distance,Busing,Utility,Top1,Top3,Cohesion,NumPeople,NumChoices,NumBusingChoices,Weight,Area,BusingArea
2,2.1640549169224754,1.8096468440478946,5.7671335632839265,0.805781,0.886133,1.491212,10.0,28,26,10.0,0.3890154238,
3,2.21138582586601,1.8309880510027172,5.7635034678858545,0.804005,0.8869,0.15573,2.0,28,26,2.0,0.2760310972,
4,2.21862894105653,1.8228144891694513,5.864598013515592,0.7995,0.88653,1.37103,1.0,28,26,1.0,0.0770043706,
5,2.067425987050476,1.7512632619583806,6.0156129489937245,0.798872,0.884284,4.13386,5.0,28,26,5.0,0.0393096643,
6,1.9438480134713818,1.6811982166603965,6.131596906847601,0.798662,0.88411,4.148126,5.0,28,26,5.0,0.0458151799,
7,1.7197442171707136,1.594976840004156,6.2370025764964945,0.804806923076923,0.8862561538461539,6.339038461538461,13.0,28,26,13.0,0.0824629737,
8,1.683705701301855,1.5910699769261465,6.222719823574502,0.8077866666666667,0.88685,4.0989233333333335,3.0,28,26,3.0,0.0761629178,
9,2.2577355135823622,1.8540895753184048,5.75186038211506,0.8027342857142857,0.8855228571428572,0.9163114285714286,7.0,28,26,7.0,0.1292183286,
10,1.8683833596380555,1.6595200417560971,6.132730597743432,0.802515,0.885659,4.765302,10.0,28,26,10.0,0.1426939387,
12,1.9994497034276473,1.5646555659904424,6.234519016900236,0.7886942857142857,0.88065,3.1831085714285714,7.0,28,25,7.0,0.2309788326,
13,1.9881078019559748,1.4213009432443364,6.249484492431119,0.79082,0.88095,0.81103,1.0,28,24,1.0,0.1624242913,
14,1.8339330902182207,1.246917982088367,6.518172550593929,0.7814747058823529,0.8774594117647059,3.463363529411765,17.0,28,23,17.0,0.105658234,
15,1.7527964768166504,0.8923333490745325,6.708332445619778,0.778418,0.875808,5.605136,5.0,28,20,5.0,0.1285449537,
16,1.8104324686931896,1.0176391781724101,6.658322062994979,0.7713808333333333,0.8741083333333334,10.089145,12.0,28,21,12.0,0.2043880217,
17,1.5718135044008128,1.0983946783924547,6.794259956650023,0.7665531034482759,0.8683462068965517,10.307063103448275,29.0,28,22,29.0,0.0815861921,
19,1.425074995865486,1.0508410213073314,6.904758050600351,0.765588076923077,0.867365,22.994259615384614,26.0,28,22,26.0,0.0449409268,
20,1.3799795692644432,1.0342576191948074,6.9367145924310165,0.765936875,0.867736875,18.31331,16.0,28,22,16.0,0.0306728157,
21,1.313818986016947,0.9585757593850444,6.989677264427192,0.7673569565217391,0.8681069565217391,17.161533913043478,23.0,28,21,23.0,0.0602429761,
22,1.3732452399120354,0.6742454454621136,7.000442320588447,0.7696452,0.8719292,24.0881844,25.0,28,20,25.0,0.0302497412,
23,1.3848095737840935,0.6599120507393378,7.001931251546961,0.7709805263157895,0.8748307894736842,22.49086342105263,38.0,28,20,38.0,0.0848894808,
24,1.463715928201559,0.743047866860963,6.9444611773164295,0.7690981081081081,0.876891081081081,17.668544054054053,37.0,28,21,37.0,0.0827321183,
25,1.671019784093664,0.9417797643754617,6.797498069263873,0.7610353333333333,0.8729546666666667,9.398364666666666,15.0,28,22,15.0,0.1683724611,
26,1.454479928530853,0.6412378273080842,6.944518517594704,0.7732718181818182,0.8801372727272727,15.49781,22.0,28,20,22.0,0.0904069507,
27,1.4807845862278934,0.6873055003915753,6.831523680449206,0.77568,0.875276,6.813326,5.0,28,20,5.0,0.0491357218,
28,1.3466272467802296,0.6625597663916281,6.974480213772149,0.7729777777777778,0.8724633333333334,16.867137777777778,9.0,28,20,9.0,0.063622946,
29,1.3064577280127205,0.9564702463432984,6.967309026742805,0.772286875,0.869970625,15.429620625,16.0,28,21,16.0,0.0687979958,
30,1.3365136746385857,0.9733648647449554,6.885619987761801,0.7786646428571429,0.8734207142857143,12.693324285714287,28.0,28,21,28.0,0.0822935862,
32,1.4734834487015385,1.0219801499027377,6.722825973881636,0.7795355555555555,0.87264,8.767906666666667,9.0,28,21,9.0,0.0673395168,
33,1.4739523257981662,1.020713750668014,6.7041921849065735,0.7804825,0.8747025,8.444586,20.0,28,21,20.0,0.074885755,
34,1.5782150974933797,1.048146135993503,6.581329760632929,0.7834175,0.87692,5.40242125,8.0,28,21,8.0,0.1345103134,
35,1.4428760019635474,1.0019098170677503,6.754739603439323,0.7805258333333334,0.8754216666666667,10.6108925,12.0,28,21,12.0,0.1263223079,
37,2.0217451608380754,1.1843575076917405,6.722131918262155,0.6268928571428571,0.8910657142857142,11.135622857142858,7.0,28,21,7.0,0.4859835783,
38,1.7704475343928245,1.0125464709137577,6.937712825043969,0.6329475,0.8997125,4.053735,4.0,28,19,4.0,0.2872148391,
40,1.6392017410867015,1.2566033715685931,7.1362218000560285,0.62438,0.89083,6.32984,1.0,28,25,1.0,0.0668587256,
41,1.5259200496645429,1.1608313554850467,7.159361824693904,0.6273881818181818,0.8954709090909091,16.323010909090907,11.0,28,24,11.0,0.0592136417,
42,1.5944397147826217,1.116715164565131,7.046673043752476,0.6355788235294118,0.9031747058823529,12.318298823529412,17.0,28,23,17.0,0.077693665,
43,1.519136455869427,1.1553720331177046,7.112927454937184,0.6348477777777778,0.9032383333333334,19.648959444444444,18.0,28,24,18.0,0.0548106808,
44,1.5876021149616026,1.2550887917742988,7.1023928929643185,0.62688,0.8948769230769231,21.996206153846153,13.0,28,25,13.0,0.065453603,
45,1.6592500758075015,1.3007300968099231,7.0586840037235286,0.62137,0.889018,18.194335,10.0,28,25,10.0,0.0528637719,
46,1.8099312886022898,1.5456593510382357,6.92427525263143,0.61517,0.88999,14.13519,1.0,28,26,1.0,0.0279363972,
47,2.0470974188176805,1.690203179564597,6.827643586186731,0.620405,0.88319,7.18873,2.0,28,26,2.0,0.0686396077,
51,2.2191578379959562,1.7888556022954718,6.7776225597577495,0.61999,0.876205,4.967365,2.0,28,26,2.0,0.0440218804,
52,2.0668870266693564,1.6976177268320847,6.8522667525429455,0.6171125,0.87802,6.3853525,4.0,28,26,4.0,0.0260556025,
53,2.039747015546725,1.6749913610548817,6.867651965346307,0.612544,0.875747,10.900779,10.0,28,26,10.0,0.0558638573,
54,1.7465412618127578,1.5033643809618522,6.978091379184289,0.615005,0.8890864285714286,15.681227857142858,14.0,28,26,14.0,0.0797481435,
55,1.5819332995908344,1.2757890801085006,7.1779485482658965,0.6166009090909091,0.8837554545454546,20.83790909090909,11.0,28,25,11.0,0.062560023,
56,1.5562223395927453,1.2519261840257827,7.197514756994092,0.619625,0.8850366666666667,20.69676,6.0,28,25,6.0,0.0481004189,
57,1.530624881939124,1.2237200506107215,7.194933792319991,0.62440375,0.89027625,18.3911175,8.0,28,25,8.0,0.0557190997,
58,1.7374616071539595,1.3568588161251456,7.128119424680524,0.61416,0.8743828571428571,11.827745714285713,7.0,28,25,7.0,0.0738202461,
59,2.0367682826500784,1.4750818882275691,6.889842339185741,0.615172,0.870936,2.0641,5.0,28,25,5.0,0.1318315334,
60,1.6722885002543693,1.2801253153462704,7.167379270153005,0.616035,0.87716,5.30468,2.0,28,25,2.0,0.0820260191,
62,2.1190068482179867,1.490138140134738,6.970670415575863,0.6255866666666666,0.86334,1.5472822222222222,9.0,28,25,9.0,0.0691269666,
63,2.0310989722492723,1.4287208141225585,6.999644030882059,0.62542,0.869315,1.58444,2.0,28,25,2.0,0.0597756515,
66,2.0112819696270647,1.5852509817685256,7.088838568192825,0.65422,0.884515,0.65518,2.0,28,26,2.0,0.0954591345,
67,1.9327762467843368,1.5177854648490978,7.110354703397136,0.653555,0.889285,1.982055,2.0,28,26,2.0,0.0504761757,
70,1.8813240148130075,1.4883567735838859,7.13686282183,0.662835,0.894375,0.81877,2.0,28,26,2.0,0.0769325373,
76,1.8354481464443175,1.3339340102159056,7.110097936540362,0.61507,0.86865,3.14104,1.0,28,25,1.0,0.0350663945,
81,1.7354661517551013,1.2967462914400847,7.101456587180611,0.6022666666666666,0.8685266666666667,3.70644,3.0,28,25,3.0,0.0274110301,
83,1.7328348235923416,1.200929418271252,7.106943598211557,0.59842,0.868065,3.579985,2.0,28,22,2.0,0.0252547732,
84,1.7443607669391552,1.2579553398703893,7.1271180549221675,0.60752,0.8695233333333333,3.6543033333333335,3.0,28,24,3.0,0.0271081809,
85,1.7686120241841694,1.2999482210104334,7.104572020956761,0.60645,0.867075,3.633195,2.0,28,25,2.0,0.0187119767,
86,1.7855834482871897,1.3053336295212705,7.139019268912347,0.6146966666666667,0.86884,3.566056666666667,3.0,28,25,3.0,0.0251194012,
87,1.8077555146836999,1.2346430089358016,7.042245163410059,0.600745,0.86726,3.551435,2.0,28,22,2.0,0.0229543321,
88,1.802172617346301,1.415596289472836,7.021265657212435,0.60666,0.872185,3.5213375,4.0,28,24,4.0,0.0209895983,
89,1.875289843041532,1.42490336659749,6.978955037912188,0.61116,0.872556,3.760318,5.0,28,23,5.0,0.034249703,
91,1.8591916251385552,1.47928319683782,7.004868417092752,0.614655,0.872785,3.8532,2.0,28,25,2.0,0.0579606747,
97,1.814350354803546,1.4423074552302095,7.12810725172758,0.64599,0.88777,0.71393,1.0,28,26,1.0,0.0225686365,
101,1.8810978351371896,1.466690478705534,7.042535058043764,0.63964,0.887285,1.223895,2.0,28,26,2.0,0.0307076069,
111,1.6875673630188464,1.239826438167253,7.2533311944886485,0.67736,0.9038,6.26606,1.0,28,25,1.0,0.049139055,
112,1.6752441435607384,1.2306582636362158,7.249434455203207,0.67662,0.90489,5.98216,1.0,28,25,1.0,0.0336649163,
113,1.7613878235813858,1.2598593336399129,7.1698708774799105,0.66862,0.90269,3.60368,1.0,28,25,1.0,0.0459231267,
116,1.6527413096880583,1.2681482466932503,7.349321272545735,0.6941673333333334,0.9253626666666667,5.969387333333334,15.0,29,26,15.0,0.0449364178,
117,1.5880531149412256,1.359925186722493,7.23786657398512,0.68692,0.913715,7.98763,2.0,28,26,2.0,0.0356595658,
118,1.7126720829647712,1.3540638522624053,7.21376252820211,0.68913,0.91243,6.23356,1.0,28,25,1.0,0.0333362303,
123,1.4250324989591783,1.0940731627561668,7.484468609774764,0.719363125,0.932265,8.265549375,16.0,29,25,16.0,0.0417783518,
124,1.494285737010232,1.1127179961970803,7.430314697181585,0.712908,0.930744,8.100608,5.0,29,25,5.0,0.0666699539,
127,1.3828862838182792,1.0889060732972673,7.524453856677566,0.722302,0.932794,8.947546,5.0,29,25,5.0,0.0435509578,
128,1.6117754441777132,1.311455120318448,7.279220186818275,0.70064,0.91384,3.67693,3.0,28,25,3.0,0.0500321516,
139,2.318887773870011,2.05865754491502,6.897021192333398,0.65958,0.8813266666666667,0.47598,3.0,28,26,3.0,0.0577429741,
143,2.1408296071684774,1.613811258030802,6.9742204713941645,0.68378,0.90324,1.5258,1.0,28,25,1.0,0.1085053001,
145,1.8155592219998866,1.2178475120237107,7.2105436226636215,0.7044216666666666,0.9138566666666667,3.373785,6.0,28,23,6.0,0.057098402,
146,1.780640380528889,1.272969456422907,7.232120700200128,0.702855,0.913675,4.576385,2.0,28,24,2.0,0.0706719553,
147,1.6860506149519559,1.1547895348401864,7.275662297626358,0.7071,0.91476,5.767156666666667,3.0,28,23,3.0,0.0290829093,
149,1.669882807030569,1.2136491449911566,7.2816637858890925,0.7078966666666666,0.9166333333333333,5.571645,6.0,28,24,6.0,0.0786752631,
150,1.594020946474415,1.1688789503770323,7.309399323252135,0.71163,0.91845,8.80607,1.0,28,24,1.0,0.057084677,
151,1.5571137837045983,1.273196668613775,7.288048869961392,0.70807,0.9177566666666667,7.139573333333334,3.0,28,25,3.0,0.0760439897,
152,1.5436285558049805,1.1480668162103458,7.344082952131047,0.71433,0.92096,10.19187,1.0,28,24,1.0,0.0315191543,
153,1.564035691649994,1.1582571768554561,7.351660838106344,0.71257,0.919335,9.027945,2.0,28,24,2.0,0.0462319405,
154,1.5887272033877669,1.166625779822565,7.321121414255524,0.710455,0.9170625,8.2233925,4.0,28,24,4.0,0.0265824231,
155,1.5985576727110322,1.108284859010662,7.315974731488254,0.71015,0.916595,9.81837,2.0,28,23,2.0,0.038756698,
156,1.4761333590167593,0.9984357786420636,7.365740861788726,0.712822,0.917252,9.913236,5.0,28,22,5.0,0.0427842686,
157,1.4490358801330434,1.0528491814450291,7.3830888422872905,0.7137083333333333,0.9192083333333333,9.819596666666667,6.0,28,23,6.0,0.0546793175,
158,1.4584602307109202,1.0595539203361641,7.392256264080762,0.7138938461538461,0.9200353846153846,11.145075384615385,13.0,28,23,13.0,0.0269443166,
159,1.4788683621862644,1.0173571153391838,7.5078238272011175,0.72872,0.93307,10.08436,1.0,29,24,1.0,0.0346159496,
160,1.4707432332508614,1.0151236314265808,7.527639869814483,0.730385,0.936055,9.60567,2.0,29,24,2.0,0.0411336296,
161,1.4324230094324901,1.1056159232976683,7.50045046360234,0.726874,0.934276,8.277502,5.0,29,25,5.0,0.0619687092,
162,1.406851564409432,1.0346279147559714,7.567394507210613,0.732755,0.9406466666666666,7.534676666666667,6.0,30,25,6.0,0.1208773695,
163,1.4028506095663842,0.9768701082434368,7.553394038539574,0.73332,0.9369633333333334,9.847923333333334,3.0,29,24,3.0,0.0299997273,
164,1.401443128860295,0.9289292803261809,7.549377996760023,0.731157,0.936759,9.589944,10.0,29,23,10.0,0.0316011052,
165,1.4830680734545145,0.9150352981140177,7.527661880100962,0.73608,0.9403566666666666,5.628983333333333,3.0,30,23,3.0,0.0808242842,
166,1.396227960191485,0.9496037229265201,7.564483526588549,0.7285972727272727,0.9329572727272727,10.468582727272727,11.0,29,23,11.0,0.0326072803,
167,1.4816199295984953,0.9220936874744433,7.5308501532936525,0.7328575,0.93713,6.136035,4.0,30,23,4.0,0.0882932012,
168,1.3987271148420066,0.9432226254240537,7.548423671963422,0.727595,0.932645,10.558215,2.0,29,23,2.0,0.0583079867,
170,1.4408217416249551,1.0245829429040165,7.342281818449909,0.7109116666666667,0.91703,8.24284,6.0,28,23,6.0,0.0497503629,
173,1.831094510794285,1.0393124262119589,7.280500977202594,0.7039,0.92668,3.02303,1.0,30,24,1.0,0.2535420014,
178,1.6157187915541185,1.0582178781365605,7.301385222417248,0.68312,0.8915,0.74629,1.0,34,23,1.0,0.0872481605,
180,1.5615310997047327,1.0225884586228478,7.383325474654884,0.67948,0.8905,2.6255,1.0,35,23,1.0,0.0798312139,
181,1.6064768538655483,0.9561829761946726,7.410980987286031,0.6837409090909091,0.8940281818181818,2.86469,11.0,37,23,11.0,0.1239732817,
182,1.6543924994096988,1.1021124477529003,7.335060586555454,0.6817783333333334,0.8886983333333334,3.1507883333333333,6.0,38,25,6.0,0.1145332999,
183,1.6399452228864186,1.1149068764209764,7.273928318947422,0.69364,0.897145,3.261385,4.0,37,25,4.0,0.0490407556,
184,1.7100977630581353,1.1475080542334444,7.20066155531123,0.689832,0.894568,3.251272,5.0,37,25,5.0,0.0613129421,
185,1.7469376452460585,1.1771778244494444,7.2263339264457604,0.69209,0.89604,1.6267,2.0,37,25,2.0,0.0995957893,
186,1.7632712084871158,0.9422590378663585,7.376521016778901,0.70679,0.9120766666666666,0.2760566666666667,3.0,37,23,3.0,0.2871579506,
187,1.3792887837560786,0.8152498780557018,6.589258761936815,0.60818125,0.86236875,2.801005,8.0,31,23,8.0,0.0638019824,
188,1.3909451444380783,0.8721617332259829,6.660512130794762,0.60523125,0.84698,2.0580475,8.0,32,23,8.0,0.0605460221,
189,1.3733597313183143,0.7251683795842457,6.604507307052685,0.60783,0.86016,3.65686,1.0,31,22,1.0,0.0635936044,
190,1.411573174234297,0.7615884213404219,6.482422583365173,0.6154027777777777,0.8784516666666666,3.717327222222222,18.0,30,22,18.0,0.1264279749,
191,1.68654021524289,1.1245676737048336,7.250264077681414,0.71747,0.92831,0.5649,1.0,34,25,1.0,0.0691124734,
192,1.3290645587154255,0.7331624101040894,6.537699092170812,0.6231323076923077,0.88639,4.4134853846153845,13.0,30,22,13.0,0.0436682578,
193,1.2766424621273385,0.7683905016962647,6.541281028851532,0.62796,0.89473,4.15303,1.0,30,23,1.0,0.0400041576,
194,1.3500253892903877,0.7136838704064654,6.702406082548185,0.65177,0.91159,2.24873,1.0,31,23,1.0,0.025493061,
196,1.307877782196499,0.6055773795470037,7.068382274746316,0.71546,0.94626,5.57665,1.0,32,24,1.0,0.0585625495,
197,1.2461462269557,0.621349127937871,7.060277073735919,0.7242455555555556,0.951805,5.62044,18.0,32,25,18.0,0.0343655183,
198,1.2558634460917872,0.6706289296647874,6.957477911503079,0.7474916666666667,0.9644666666666667,5.341863333333333,6.0,31,26,6.0,0.0247393284,
199,1.2991768116124236,0.688529403357947,6.941410883984713,0.75181,0.96395,4.17139,1.0,31,26,1.0,0.0373328694,
200,1.3026357885835076,0.6731446555730367,6.910617336937791,0.75264,0.96445,1.67585,1.0,31,26,1.0,0.0546136067,
201,1.3030144189547035,0.6809714106403982,6.907264233035506,0.74573,0.964025,5.62189,2.0,31,26,2.0,0.036319186,
206,1.7756100730739321,0.7138930555383814,6.460925943804343,0.63222,0.912285,0.18034,2.0,31,27,2.0,0.3167450669,
207,1.8939328855299018,0.6746322467595192,6.485840251312081,0.67654,0.92039,0.0,1.0,32,26,1.0,0.715166774,
212,1.3304540370586513,0.8515784400230905,6.331794619613674,0.7047333333333333,0.9386533333333333,2.9007633333333334,3.0,29,25,3.0,0.0420859474,
214,1.238006717039251,0.6075030608821586,6.934337110499205,0.74599,0.952802,7.057854,5.0,30,24,5.0,0.1139154577,
215,1.3125403581591855,0.5931812404463692,7.053098074150277,0.7462575,0.9552225,6.4405575,4.0,31,24,4.0,0.0451084326,
216,1.3186950457947217,0.5530423061627653,7.0632183013763346,0.706475,0.94466,5.212145,2.0,32,23,2.0,0.0863715323,
217,1.2156765754905714,0.6336594473510169,6.671020001500563,0.677495,0.914195,6.1755716666666665,6.0,30,22,6.0,0.030946884,
218,1.2940089322327057,0.7706647849428773,6.4898445486432745,0.629735,0.896985,5.559225,2.0,30,23,2.0,0.0345364891,
219,1.2296351920663187,0.6593919215329885,6.57837328734663,0.6886016666666667,0.926865,4.971628333333333,6.0,29,22,6.0,0.0788797607,
220,1.2097414778729147,0.6499974275168992,6.556557542990259,0.70038,0.9345175,4.3466475,4.0,29,22,4.0,0.0899291399,
222,1.35942561298414,0.8319599189730709,6.204009243980162,0.70055,0.937006,2.006216,5.0,29,25,5.0,0.1119083052,
224,1.6272978923043218,1.326254293685972,5.771501218364189,0.68381,0.926215,0.938545,2.0,29,27,2.0,0.1086021874,
225,1.2538677905230307,0.8334356506393499,6.437793549841356,0.70013,0.93487,3.93129,2.0,29,25,2.0,0.0466176484,
226,1.2618816347068016,0.8029592379485114,6.284157559665303,0.69711,0.935255,2.14499,2.0,29,25,2.0,0.07679155,
227,1.2980350982388298,0.8088084183578931,6.212304309166771,0.69358,0.93406,3.00469,2.0,29,25,2.0,0.0461501629,
228,1.6481442361464123,1.341137537748682,5.738233567374239,0.67981,0.92408,2.01059,2.0,29,27,2.0,0.0771322708,
229,1.2618708166083479,0.6967199348799858,6.460247902945367,0.69422,0.93007,2.51273,2.0,29,23,2.0,0.0481488684,
230,1.2641332161006085,0.7120648837412249,6.316645560791593,0.69392,0.93314,3.355,1.0,29,24,1.0,0.0723597322,
231,1.3291020382800989,0.7224646314637045,6.237187029408254,0.68259,0.92482,2.0527414285714287,7.0,29,24,7.0,0.1045180522,
232,1.5186185889869541,1.291806349186011,5.875726818767075,0.67515,0.9191,1.68893,1.0,29,27,1.0,0.1058956313,
233,1.2946934488673032,0.7173055010128377,6.474270548189248,0.687325,0.924645,2.841815,2.0,29,23,2.0,0.0762562706,
234,1.3275123591038893,0.7471822952267506,6.3386595035116144,0.684025,0.92595,1.9817,2.0,29,24,2.0,0.1472323566,
235,1.3763657524203803,0.9270766463269594,6.57206315711318,0.59598,0.845025,3.09134,2.0,31,23,2.0,0.0720025399,
236,1.386464380843502,0.8558414101432691,6.757793018448665,0.6100383333333333,0.8440316666666666,3.6797166666666667,6.0,33,23,6.0,0.0641844501,
237,1.709481939801424,1.1613647526314987,7.150641170403412,0.689341,0.891591,3.478335,10.0,36,25,10.0,0.0436796953,
238,1.7260255002494422,1.1411263419430528,7.144227925401008,0.69357,0.8950228571428571,3.236437142857143,7.0,37,25,7.0,0.0334467114,
239,1.7472343300151678,1.326873384948296,7.049410645212562,0.68466,0.8852166666666667,4.372333333333334,3.0,36,26,3.0,0.0232137275,
240,1.348745631749665,0.8375744994844021,6.775022244604884,0.6109516666666667,0.8492066666666667,4.82842,6.0,33,23,6.0,0.0448658243,
241,1.4086640834130697,0.8769932891744919,6.728171367724641,0.607762,0.84526,5.249912,5.0,33,23,5.0,0.0290765909,
242,1.3951494426286586,0.8732025066176178,6.747427065253188,0.60762,0.8445226666666666,5.3263446666666665,15.0,33,23,15.0,0.0203852697,
243,1.396553887219063,0.8755487919625984,6.7369205425140635,0.6055814285714286,0.8428514285714286,5.306908571428571,7.0,33,23,7.0,0.0311826264,
244,1.4018296838041262,0.7875439279455742,6.750751722299231,0.6062233333333333,0.8473333333333334,4.636721666666666,6.0,33,22,6.0,0.0504738384,
245,1.4301609877341008,0.9559057771094578,6.544223344075624,0.59067,0.838358,1.9976913333333333,15.0,31,23,15.0,0.090529098,
246,1.4625495254783758,1.078312647834725,6.4964215005225405,0.58436,0.8301733333333333,3.898093333333333,3.0,31,24,3.0,0.0369367042,
247,1.4228575022849619,0.8914033867073395,6.716521745735389,0.59896,0.8384081818181818,5.163321818181818,11.0,33,23,11.0,0.0472070615,
248,1.439847525486666,0.9921088665749221,6.545608863515751,0.5945266666666666,0.84996,4.88358,3.0,31,23,3.0,0.0293775098,
249,1.5686641952601785,1.1401928716119372,6.2918283630231695,0.577512,0.830462,4.188562,5.0,29,23,5.0,0.0751424054,
250,1.7310211825966975,1.3429159220549922,6.109624538418424,0.57298,0.82818,0.32147,1.0,29,24,1.0,0.1259672234,
253,1.7202391663663814,1.0952633066973558,6.2457338587060836,0.52707,0.78465,1.2345,2.0,29,21,2.0,0.1723689864,
254,1.5360548459084242,0.9319861318482411,6.526362614351393,0.5735471428571428,0.8286957142857143,3.7700042857142857,7.0,31,21,7.0,0.1879137422,
255,1.4264052800112672,0.9784201515321423,6.576948468620064,0.57817,0.8382166666666667,5.427476666666666,3.0,31,22,3.0,0.0496679035,
256,1.7127992303263675,1.3069876657512343,5.949083070819953,0.59584,0.86726,0.58612,3.0,29,24,3.0,0.0385317606,
257,1.3608876185268572,0.8666189340876481,6.802466291921645,0.6057823076923077,0.8404369230769231,6.148561538461538,13.0,33,23,13.0,0.1106634604,
258,1.7265723215728208,1.1256257782692367,7.101082259556634,0.69686,0.8961766666666666,3.1122566666666667,3.0,37,25,3.0,0.0887012314,
259,1.6742266732236326,1.1019538080384474,7.153966754311184,0.7031671428571429,0.9024242857142857,2.409172857142857,7.0,37,25,7.0,0.043615763,
260,1.6455203841326118,1.0533576621473828,7.2906766785230035,0.6933533333333334,0.898275,2.7879416666666668,6.0,39,25,6.0,0.078229678,
261,1.5803816460992224,1.0445105032703768,7.404317666783344,0.6915116666666666,0.8970066666666666,4.116443333333334,6.0,39,25,6.0,0.0502819706,
262,1.6380066646664178,1.1590600627762375,7.2763201424302135,0.6820728571428571,0.8926714285714286,4.078975714285714,7.0,37,25,7.0,0.0470370764,
263,1.5622263526249243,1.0473114661910947,7.37618664214187,0.6798066666666667,0.8896,3.95146,6.0,37,24,6.0,0.0438622484,
264,1.585091104117234,1.0565895506855276,7.400616150934963,0.6930325,0.898635,3.8103125,4.0,39,25,4.0,0.0392779793,
265,1.3710214391347648,0.8326208046243001,7.229282528982893,0.6033042857142857,0.8504542857142857,2.1113385714285715,7.0,33,20,7.0,0.0878971409,
266,1.3300040078541493,0.7996242652266682,7.207464532012429,0.60113,0.84083,3.316985,2.0,32,20,2.0,0.0649060357,
267,1.5420492127207155,0.9882955161740558,7.443358265053133,0.686326,0.899118,2.841808,5.0,36,23,5.0,0.0532301602,
268,1.5134067374755535,1.061007138191938,7.377555595811806,0.6798622222222223,0.8931144444444444,3.576807777777778,9.0,33,23,9.0,0.0484385461,
271,1.4595971416854554,1.1381258814171848,7.3162678500915135,0.690348,0.900556,6.77224,5.0,30,23,5.0,0.038017904,
273,1.4513105517375604,1.1595468442550585,7.32185768274187,0.688125,0.89722,10.206015,6.0,29,23,6.0,0.0389754732,
274,1.5991875230425783,1.2201880978123683,7.256393398856035,0.6872083333333333,0.8984127777777777,6.931891666666667,18.0,30,23,18.0,0.0824339693,
275,1.552899524028388,1.202351883380816,7.303511339108111,0.685975,0.898375,6.782865,2.0,30,23,2.0,0.0350027526,
276,1.6664219564719616,1.2242714555567789,7.232983100617251,0.6829114285714286,0.8964578571428572,7.330857142857143,14.0,30,22,14.0,0.0444487827,
279,1.5203068618192506,1.0188161761969314,7.455135861469617,0.69911,0.909185,3.484855,2.0,33,22,2.0,0.0189477083,
280,1.5312965128564837,1.02824838132419,7.47064831326259,0.69899,0.90874,3.47696,1.0,33,22,1.0,0.0369148808,
281,1.314317685096663,0.7562469790926794,7.418030839825465,0.6355366666666666,0.88085,3.5214266666666667,3.0,32,20,3.0,0.0729080726,
282,1.4010184112740003,0.7373891098215681,7.235751354836059,0.61472,0.85796,1.63769,1.0,31,19,1.0,0.0582869666,
283,1.9704199236953288,1.5215907142063378,7.061130651707282,0.678575,0.89084,3.057215,2.0,29,24,2.0,0.0792283062,
284,1.8281474952465409,1.4271085090782927,7.128197689573901,0.682596,0.893868,4.931892,5.0,29,24,5.0,0.1003642962,
285,1.7256709447238197,1.2995383290948062,7.202805955813389,0.6847281818181818,0.8962836363636364,6.119635454545454,11.0,30,23,11.0,0.0619595146,
286,1.8026903357897326,1.356092040837319,7.2004526090632375,0.67909,0.89323,3.77869,2.0,30,23,2.0,0.0531753046,
288,1.5701117725279081,0.922469027675817,7.687388735789459,0.713545,0.916395,2.74208,2.0,36,22,2.0,0.0779366425,
289,1.786820965568057,1.1791435218502837,7.446915535601382,0.7051863636363637,0.9125118181818181,2.9046545454545454,11.0,34,24,11.0,0.0993561588,
291,1.3639299091554293,0.6949248822500307,7.297350640458446,0.59794,0.85465,1.03303,1.0,29,18,1.0,0.1015652643,
292,1.3653826164763287,0.5929625250102379,7.3604209368159355,0.6109566666666667,0.8566866666666667,2.5376066666666666,3.0,31,17,3.0,0.0855938621,
293,1.3716930953061544,0.6486410888936945,7.294138476431893,0.595182,0.85417,1.336902,5.0,30,17,5.0,0.0641049922,
294,1.37897416021474,0.7301764838378447,7.288508255729067,0.6062225,0.852775,2.2385375,4.0,31,19,4.0,0.0438950695,
295,1.341683721277011,0.6963140666362776,7.343453606178641,0.60782,0.8531525,2.063965,4.0,31,18,4.0,0.0347428842,
296,1.3547749064834074,0.8241747039159734,7.255361254706273,0.609724,0.854146,2.824906,5.0,31,20,5.0,0.0712949435,
297,1.3552907661940359,0.8362819758409805,7.20854230220486,0.5964133333333334,0.8530083333333334,3.06345,6.0,30,19,6.0,0.0563873709,
298,1.340699886288778,0.613857036114162,7.330352161652137,0.59648,0.855325,2.0043675,4.0,30,16,4.0,0.0514896472,
299,1.3289272372529481,0.7697835199522678,7.300307935434279,0.58571,0.84551,1.43062,1.0,30,19,1.0,0.0180740977,
300,1.3043138211941299,0.5323530360272416,7.403322474382302,0.59234,0.84889,1.20324,2.0,30,16,2.0,0.120608004,
301,1.4209599028173108,0.5769491509977481,7.226200289895766,0.6007666666666667,0.8616233333333333,0.7194733333333333,3.0,29,16,3.0,0.1123825725,
302,1.2337829234345976,0.559894618290852,7.393265398042979,0.587,0.850105,3.557955,2.0,28,16,2.0,0.0783811587,
303,1.201848972693286,0.6589996342778349,7.264942011710827,0.5380371428571429,0.80353,5.458145714285714,7.0,27,17,7.0,0.1279792383,
304,1.2961467359290109,0.6150990401034085,7.242605764948706,0.5525788,0.8168476,3.2271656,25.0,28,16,25.0,0.1292274942,
305,1.2697901127171252,0.5113760330321319,7.459574485723282,0.58996,0.847735,3.399655,2.0,30,15,2.0,0.1173835202,
306,1.3704546812150555,0.609992471033773,7.15186335129019,0.5590633333333334,0.8238033333333333,2.8337233333333334,3.0,28,15,3.0,0.0713372178,
307,1.284505760603258,0.6105514620900453,7.183115734629521,0.5381507692307692,0.8021776923076923,5.9480823076923075,13.0,27,15,13.0,0.0857481238,
308,1.3919485731210688,0.8075723540222566,7.161890003030359,0.5767744444444445,0.8350966666666667,3.576207777777778,9.0,29,18,9.0,0.0684366664,
309,1.3957887037543482,0.8607485304536658,7.176478197559485,0.5946625,0.8524925,2.2104175,4.0,30,19,4.0,0.0758879856,
310,1.3528513862825569,0.8561608361191979,7.221173543166533,0.59454,0.85264,3.15014,1.0,30,19,1.0,0.0500383,
311,1.3538912135133458,0.765666625241902,7.336989656293652,0.6171888888888889,0.8596366666666667,3.228378888888889,9.0,33,19,9.0,0.1210929258,
312,1.2439520915406328,0.8780121714491304,7.050208905104181,0.553957,0.818015,4.729159,10.0,27,18,10.0,0.0674414148,
313,1.277261236638291,0.9189166597132267,7.103787919102893,0.5703485714285714,0.8281757142857142,4.587285714285715,7.0,29,19,7.0,0.0562312346,
314,1.2918637018901917,0.8985261038684412,7.029835650443079,0.54093,0.8064333333333333,6.277023333333333,3.0,27,18,3.0,0.0452239161,
315,1.343394759229371,0.9860907802972648,7.0051150766973205,0.5666518181818182,0.8322672727272727,6.203321818181818,11.0,28,19,11.0,0.0817638157,
316,1.3280169524822014,0.7835154822187183,7.064638361051305,0.5336869230769231,0.7966884615384615,6.195823076923077,13.0,27,17,13.0,0.1117314433,
317,1.3821340055402573,0.9644606860428436,7.061704474379772,0.5550285714285714,0.8177209523809523,5.11441,21.0,29,19,21.0,0.050779954,
318,1.4311913191121854,0.9775539014958449,7.042104965847046,0.5456958333333334,0.8092616666666667,4.0224825,12.0,29,19,12.0,0.0722705378,
319,1.4883686741148474,0.9705965799645143,7.100565966474292,0.557492,0.812648,4.635568,5.0,32,20,5.0,0.0543437272,
320,1.4208500907204102,0.9630502089883667,7.0673054241378575,0.5666266666666666,0.829015,5.297776666666667,6.0,30,19,6.0,0.0718176538,
321,1.3892076265218674,0.9095622242657518,7.119608705570821,0.5860016666666666,0.8394883333333333,6.281623333333333,6.0,31,19,6.0,0.0570539928,
322,1.3930989204683777,0.9020792581641379,7.115505062268729,0.5794433333333333,0.8292133333333334,5.14081,3.0,31,19,3.0,0.0329251094,
323,1.3212897802825796,0.8622719593124778,7.1402488608675325,0.5877525,0.8319175,4.2795825,4.0,31,19,4.0,0.0337453196,
324,1.6001342211713883,1.0575260355179728,7.35855045979064,0.6950125,0.9005475,4.5671275,4.0,39,25,4.0,0.0412252463,
325,1.5802025927812984,1.0475156353950663,7.348274547562391,0.69905,0.902674,3.7592213333333335,15.0,39,25,15.0,0.0626230965,
326,1.357164640163037,0.9116898687246638,7.121151379617347,0.594622,0.8349666666666666,5.265459333333333,15.0,32,20,15.0,0.0540005062,
327,1.662825696474088,1.0578322090252905,7.242693473963899,0.6995663636363636,0.9014572727272727,2.6921154545454544,11.0,39,25,11.0,0.0953012966,
328,1.4514837407467343,0.9985261411510257,7.019648858231122,0.6036788888888889,0.8495833333333334,3.681912222222222,9.0,32,21,9.0,0.0687305708,
329,1.4239445171845013,0.9932926377095109,7.1062958287143605,0.5883728571428571,0.8391485714285715,3.392195714285714,14.0,32,21,14.0,0.0504709845,
330,1.5212070853357968,1.0047691311788725,7.097198666339861,0.5665521428571428,0.8151475,3.4550210714285714,28.0,33,21,28.0,0.0776229465,
331,1.747681208859954,1.2695660747056243,7.014451280270053,0.6986416666666667,0.8968366666666666,2.1318166666666665,6.0,37,26,6.0,0.0467667646,
332,1.3713765626488637,0.8947059800912103,6.905886328497664,0.6190486666666667,0.8555833333333334,3.2647386666666667,15.0,34,24,15.0,0.084388199,
333,1.3305730837900243,0.807940199087916,6.997369478995068,0.6296766666666667,0.8663,3.242853333333333,3.0,35,23,3.0,0.0584173734,
334,1.403795514776231,0.9446949953086481,6.6903351696582165,0.59191,0.839090625,2.631060625,16.0,32,22,16.0,0.0881020235,
335,1.3546124917668136,0.9102618759864126,6.7422611213985695,0.60132125,0.84586375,4.62444125,8.0,32,22,8.0,0.0634548335,
336,1.345375496022745,0.774455595748293,6.89663003123662,0.6252407692307692,0.8681646153846154,3.2275746153846154,13.0,33,20,13.0,0.0837234301,
337,1.4625651229696692,0.8519662878660113,6.739466341815724,0.6093814285714285,0.8560507142857143,2.7456664285714285,14.0,33,21,14.0,0.1177810297,
338,1.3542704928728504,0.9395647936421764,6.725003004458318,0.59851,0.8402975,6.321485,4.0,32,23,4.0,0.0328336027,
339,1.430653566058082,0.871134502342434,6.683699509309345,0.586865,0.837445,5.187185,2.0,32,21,2.0,0.0510706151,
340,1.3338960080944147,0.9040564284116489,6.747279932284301,0.5863666666666667,0.8367733333333334,6.259170833333333,12.0,32,22,12.0,0.0707286139,
341,1.3640803062124798,0.8768226562667036,6.7255865157194235,0.5874772727272727,0.8342063636363637,6.281207272727273,11.0,32,21,11.0,0.0462333992,
342,1.3656370468639474,0.8758027240980768,6.72158764830117,0.583411,0.831931,7.821135,10.0,32,21,10.0,0.0413227419,
343,1.38947090732849,0.9178320569301581,6.634452793375112,0.572115,0.8172575,7.35457,4.0,31,21,4.0,0.0211026769,
344,1.4085847005604708,1.0234877092473331,6.486127770143168,0.556866,0.80908,6.614674,5.0,30,22,5.0,0.038866051,
345,1.438497368081222,0.9109470817364508,6.531614654638049,0.5591073913043478,0.8067947826086956,5.622964782608696,23.0,30,20,23.0,0.0903709072,
346,1.3939315620068113,0.8786447018307986,6.686875300485038,0.5671122222222222,0.8150944444444445,6.864316666666666,9.0,31,21,9.0,0.0669953726,
347,1.4263201436613604,0.8950008479910252,6.711896151671436,0.5778852941176471,0.8280335294117647,3.4664382352941177,17.0,32,22,17.0,0.0615415041,
348,1.5239859165869813,1.0379301577042648,6.4682110507376915,0.550915,0.80851,3.08674,2.0,30,22,2.0,0.0286231625,
349,1.452169398635403,1.0525854822474219,6.509445853200196,0.5426133333333333,0.7993533333333334,3.565933333333333,3.0,30,23,3.0,0.0259764269,
350,1.6273277235210877,1.196353616123046,6.2952331670593535,0.5328271428571428,0.7884357142857142,3.151042857142857,7.0,29,23,7.0,0.0680222738,
351,1.581194261001407,1.1320270160437258,6.342475802296356,0.524394,0.780892,4.10145,5.0,29,22,5.0,0.0778546492,
352,1.4762044401036274,0.9304127654814935,6.515745990431161,0.5430827272727273,0.7970763636363636,6.321282727272727,11.0,30,20,11.0,0.0643666669,
353,1.8214535896706279,1.5034344762450658,6.08125354861736,0.512345,0.76928,0.23894,2.0,29,24,2.0,0.0998491635,
354,1.6622229982476058,1.240807113474737,6.248263949345676,0.50995,0.76951,2.84945,1.0,29,23,1.0,0.1105211903,
355,1.6320927411236894,1.0818368362185777,6.317233896794009,0.506844,0.764428,3.167136,5.0,29,20,5.0,0.1056585401,
357,1.4135853092986566,0.9371139639023743,6.520315049144687,0.5507625,0.8003941666666666,6.673964166666667,12.0,30,21,12.0,0.0538978891,
358,1.5251621582622692,1.0110878641762302,6.385707043706177,0.54093,0.7851988888888889,4.549105555555555,9.0,29,20,9.0,0.0658096538,
359,1.5440313245294413,1.0304211952500362,6.379164773991986,0.5280536363636363,0.7777636363636363,4.556655454545455,11.0,29,20,11.0,0.0914841457,
360,1.5627222324058332,1.0377582797917562,6.372246527503231,0.52178,0.77459,3.3576175,4.0,29,20,4.0,0.0718557245,
361,1.6431926970062087,1.085259760988978,6.308730133832259,0.51339375,0.76833125,4.55455375,8.0,29,20,8.0,0.113027358,
362,1.6076959856214317,1.05248903743153,6.316826071625002,0.53105,0.7766575,4.167395,4.0,29,20,4.0,0.0902169966,
363,1.6732366104531151,1.1029041149374803,6.283271751016678,0.502785,0.7615966666666667,4.167185,6.0,29,20,6.0,0.0662731165,
364,1.6990416568282558,1.266633220372941,6.223437517112428,0.498013125,0.761286875,3.8339125,16.0,29,23,16.0,0.0440401497,
365,1.7089717811338798,1.3550325576012392,6.200026136592656,0.50006125,0.75461,5.37548375,8.0,29,22,8.0,0.0635273988,
366,1.7676510774603058,1.4476488759367183,6.127584012534833,0.504062,0.755637,3.420904,10.0,29,23,10.0,0.0769583799,
367,1.8371592568764412,1.5140546655054765,6.037161830479149,0.49172307692307693,0.7499230769230769,4.862684615384615,13.0,29,24,13.0,0.1334437838,
368,1.7824360711016114,1.4748308726972856,6.087058419173234,0.49076,0.75238,4.202138333333333,6.0,29,24,6.0,0.0585695945,
369,1.7334503883579409,1.5318594007480912,6.175837838000085,0.498012,0.77634,3.86406,5.0,29,25,5.0,0.0839390705,
372,2.169566017746614,2.0082527961774654,5.722548794504633,0.494585,0.774405,0.263775,2.0,29,26,2.0,0.1916858411,
373,1.826453379957034,1.75145443007692,6.056011296542563,0.49076,0.77249,3.310485,4.0,29,26,4.0,0.0465480873,
374,1.9341385236598017,1.8318702024846516,5.94870999624756,0.4936583333333333,0.77444,1.1228633333333333,6.0,29,26,6.0,0.0789315478,
375,2.0680881634711463,1.9339091801608417,5.808760270355142,0.494745,0.774295,1.257235,2.0,29,26,2.0,0.0894400188,
376,2.280691165322448,2.096326195831405,5.5911592661995835,0.49805,0.77397,0.97647,1.0,29,26,1.0,0.0687133912,
377,1.825893751475747,1.7328941343966915,6.047351886012228,0.49399625,0.7722075,2.749175,8.0,29,26,8.0,0.0812905105,
378,1.8541418000201597,1.7374987524216043,6.00724833782345,0.5053133333333333,0.77659,3.178038888888889,9.0,29,26,9.0,0.1486440991,
379,1.9994604661952293,1.8358270771454768,5.861068238999976,0.5134833333333333,0.7810816666666667,2.6727233333333333,6.0,29,26,6.0,0.1131431538,
380,2.076991608361185,1.9241243180434002,5.782173139532872,0.5048925,0.7765175,2.05406,4.0,29,26,4.0,0.0762031666,
381,2.1666779549380064,1.997747691600615,5.711041624640161,0.5035,0.77589,1.539,1.0,29,26,1.0,0.0512616011,
382,2.1429639520961423,1.9391445416547917,5.736221115093451,0.5191066666666667,0.78573,1.6328733333333334,3.0,29,26,3.0,0.0601723877,
383,2.2026346204033977,1.9922572619831966,5.685360184393161,0.516714,0.78408,1.515332,5.0,29,26,5.0,0.0600485256,
384,2.2496958380444796,2.0398062746214256,5.61816947712232,0.50838,0.77883,1.2777,1.0,29,26,1.0,0.0580020526,
385,2.4208627574031083,2.2066531745938223,5.490789835481793,0.52062,0.78891,0.88309,1.0,29,27,1.0,0.1518115422,
387,2.435703016143271,2.1876771297549853,5.4008189590485935,0.560516,0.828618,0.263708,5.0,29,27,5.0,0.3978524351,
388,2.136138098848,1.9131722010264824,5.70629054047115,0.546468,0.823836,0.459296,5.0,29,26,5.0,0.2869302275,
389,1.9965563507400552,1.6709323371693208,5.881300367303702,0.5280825,0.7961,1.337745,4.0,29,25,4.0,0.0901630361,
390,1.9062973144269018,1.5994901574554838,5.964576647289329,0.52854,0.79708,1.79067,1.0,29,25,1.0,0.0414884065,
391,1.8770171250325072,1.5898620490385538,5.9768717287544595,0.518615,0.789585,2.375075,2.0,29,25,2.0,0.0594061683,
392,1.934394362751192,1.5336180375184716,5.931184594565774,0.50416375,0.75440625,3.3179425,8.0,29,24,8.0,0.1088381235,
393,1.8550443069829663,1.3809904898902559,6.044724570944848,0.50098125,0.752851875,2.750255,16.0,29,22,16.0,0.1115497563,
394,1.892786720020973,1.38998328507309,5.9862481430905925,0.51935,0.76359,2.71693,1.0,29,22,1.0,0.0709056739,
396,1.7018902733418895,1.3478684631588018,6.207257522539647,0.5069025,0.758385,3.7947575,4.0,29,22,4.0,0.0541963922,
397,1.6689421840285292,1.2067559310027673,6.25286375888136,0.5204488888888888,0.76679,3.788271111111111,9.0,29,21,9.0,0.0529091573,
399,1.6807516559583229,1.315753310363226,6.163273745014522,0.53002,0.7771225,2.61059,4.0,29,22,4.0,0.0411355616,
400,1.7333493978895873,1.343408934718706,6.103890417598825,0.533725,0.77862,2.33959,2.0,29,22,2.0,0.0347173879,
401,1.7545750928952313,1.2552859826596445,6.160104462783932,0.5248633333333333,0.7686566666666667,2.24521,3.0,29,21,3.0,0.0574772143,
402,1.7509820920377508,1.2491366345386974,6.129418339863011,0.5361857142857143,0.7756757142857142,2.0875785714285713,7.0,29,21,7.0,0.1030437228,
403,1.821270318111761,1.4475417197422562,6.048269300668255,0.5485525,0.8279775,1.4338175,8.0,29,24,8.0,0.1280329103,
404,1.8822954337388658,1.7338002120950189,5.935672280305704,0.5662166666666667,0.8339566666666667,1.2951433333333333,3.0,29,27,3.0,0.0713935794,
406,2.057454117836838,1.8763983123514307,5.7602102940853275,0.58029,0.8428,0.46544,1.0,29,27,1.0,0.0765199075,
408,2.061592439550795,1.883722581928123,5.743976611417083,0.5866533333333334,0.8437333333333333,0.46697,3.0,29,27,3.0,0.0429800194,
409,1.960801126548641,1.5280068754896208,5.916438083361601,0.61777,0.876605,1.424405,2.0,29,26,2.0,0.0648762902,
411,2.0584431972112767,1.5745331269338378,5.816952314092245,0.6206225,0.8793025,0.9691725,4.0,29,26,4.0,0.0812596996,
412,1.857250196509142,1.39676639025935,5.951453527883738,0.597535,0.8492125,1.23186125,8.0,29,24,8.0,0.0824714204,
414,1.8864515857430662,1.7360366734190105,5.911562787500353,0.576095,0.84192,1.265275,2.0,29,27,2.0,0.0924208065,
415,1.6994022114654421,1.3455091963165011,6.117432258085355,0.58992,0.846955,1.90419,2.0,29,24,2.0,0.0469611751,
416,1.6489358968583452,1.2055940742789253,6.21730998688753,0.5753075,0.83861875,3.41605125,8.0,29,22,8.0,0.0717265313,
417,1.7486479163460007,1.2809920736737874,6.094584535354447,0.5470669230769231,0.7880215384615384,3.2569676923076925,13.0,29,21,13.0,0.0938856934,
418,1.737179551865986,1.3388064251321647,6.045861448312281,0.5705888888888889,0.8007977777777778,3.1538566666666665,9.0,29,23,9.0,0.1113374203,
419,1.6689064663153825,1.292494752507065,6.160777219705249,0.5916825,0.845935,4.0633275,4.0,29,24,4.0,0.0757259036,
420,1.8239694346754032,1.289485049772093,5.947560678002139,0.57898,0.80933,1.80642,1.0,29,22,1.0,0.0952616445,
421,1.9126177335636776,1.312538966802117,5.821276545461238,0.5881775,0.811965,0.8254183333333334,12.0,29,22,12.0,0.1498427311,
422,2.1221429794201483,1.572133354356347,5.593284684192525,0.5890475,0.8253925,0.6803,4.0,29,24,4.0,0.1404535615,
423,2.1563897544956196,1.5689707613055859,5.519533192003351,0.5929725,0.82423,1.0763175,4.0,29,24,4.0,0.0824174198,
424,1.9562635055363067,1.4675208035594502,5.7410672351970815,0.59205,0.81896,2.06888,1.0,29,24,1.0,0.0836850871,
426,1.9302772739135283,1.4418693787515526,5.7258269557855686,0.601034,0.832346,0.920612,5.0,29,24,5.0,0.1035798315,
427,1.7364427416320796,1.1658652649251242,6.127832452061015,0.5910245454545454,0.8001463636363636,3.7781581818181817,11.0,30,22,11.0,0.168524635,
428,1.735108001485776,1.1704774431340388,6.252320662150867,0.60377,0.8275888888888889,4.4367527777777775,18.0,30,23,18.0,0.0801636172,
429,1.780496079138014,1.1496635962568198,6.186754645027418,0.576644,0.790694,5.634126,5.0,30,21,5.0,0.0523050452,
430,1.7733611791168185,1.1490338896687926,6.20669812854198,0.58212,0.792825,4.99511,2.0,30,21,2.0,0.0456555377,
431,1.8089267339406008,1.3105473159805308,6.153111043671422,0.575485,0.78815,3.9987125,4.0,30,23,4.0,0.0479280877,
432,1.7663849940037533,1.3300482099804722,6.077155119983821,0.55492125,0.78679,3.86252875,8.0,29,22,8.0,0.0577510356,
433,1.7477467113847551,1.2874528859655308,6.063847144529115,0.5746925,0.8030225,3.811735,4.0,29,22,4.0,0.0406759174,
434,1.7442447480688543,1.2604273362283334,6.09986503772925,0.5578335714285714,0.791345,4.126347857142857,14.0,29,21,14.0,0.1273077746,
435,1.7616491870749738,1.2868067734147342,6.093722985691286,0.5475263636363636,0.7833572727272727,1.7659227272727274,11.0,29,21,11.0,0.1555812869,
436,1.6580561555254227,1.3023877655850398,6.175953180223434,0.53921,0.7803233333333334,3.1461566666666667,3.0,29,22,3.0,0.0579032388,
437,1.570746267769061,1.184012557943002,6.273005173080742,0.5383071428571429,0.7788028571428571,4.916424285714286,7.0,29,21,7.0,0.0716767767,
438,1.5594497050550762,1.1008017406721489,6.289969711386147,0.5461633333333333,0.7867366666666666,4.248478333333333,6.0,29,21,6.0,0.0417798425,
439,1.704289803273389,1.1817377135966733,6.1473838282162045,0.551276,0.785422,1.262674,5.0,29,21,5.0,0.1110235591,
441,1.625580241589726,1.264756856433912,6.239172910325211,0.561048,0.7882926666666666,3.504048666666667,15.0,29,22,15.0,0.0852469027,
442,1.5472984005865829,1.1083023748863754,6.307027748425724,0.557024,0.789338,4.381338,5.0,29,21,5.0,0.0394561835,
443,1.508925565759819,1.2621323151107673,6.30064097518864,0.56286,0.79461,4.75641,1.0,29,23,1.0,0.0318858091,
444,1.6946040345731808,1.3272102663203569,6.196316202484616,0.57319,0.796703,2.751619,10.0,29,23,10.0,0.0781869366,
445,1.5175802575382895,1.2167263153425547,6.38316509206832,0.57502,0.8128116666666667,3.8166966666666666,6.0,30,23,6.0,0.0542801607,
446,1.446656252459638,1.076012280396351,6.451775590972788,0.57515,0.8138666666666666,3.7199933333333335,3.0,30,22,3.0,0.0682496418,
447,1.4666594815266272,1.2304190227049172,6.328528120200671,0.557208,0.795052,4.733058,5.0,29,23,5.0,0.0286037275,
448,1.5039183495511157,1.2493531654799939,6.293567701815294,0.5502566666666666,0.7893066666666667,3.8620833333333335,3.0,29,23,3.0,0.0413466366,
449,1.5338651248341146,1.1589515204994632,6.299041423107314,0.54736,0.78776,4.42869,1.0,29,22,1.0,0.0289910836,
450,1.5604681404444598,1.1237893493161857,6.29317495705701,0.5381828571428572,0.7849228571428571,4.16346,7.0,29,21,7.0,0.0594092113,
451,1.5034311249746466,1.2429410638315086,6.292592705120549,0.5434866666666667,0.78924,4.603278333333333,6.0,29,23,6.0,0.0399707931,
452,1.509266591687686,1.1420202878196504,6.29982701135637,0.5508866666666666,0.7942633333333333,4.178876666666667,3.0,29,22,3.0,0.0306016709,
453,1.4254650935392006,1.053935477219914,6.4578554710011655,0.5667636363636364,0.8107090909090909,5.899403636363636,11.0,30,22,11.0,0.0564421167,
454,1.415695875327458,1.0440344364772085,6.491812317064221,0.573025,0.815305,4.648395,2.0,30,22,2.0,0.036773378,
455,1.4804815017336066,1.0204560254516217,6.552152153517947,0.5900275,0.82477,1.9077925,4.0,31,22,4.0,0.0422859443,
456,1.529943890041902,0.9866629249671652,6.653039588759662,0.6158666666666667,0.8479,2.2246566666666667,6.0,32,23,6.0,0.0527754407,
457,1.5872403159058845,1.1725341413250276,6.470394588415443,0.6009975,0.83930625,3.6809775,8.0,31,24,8.0,0.0679493486,
458,1.544641287732857,1.0365426932778348,6.681282297680654,0.62205,0.855986,3.303744,5.0,33,24,5.0,0.0499038188,
459,1.4375195881541587,0.878212137895058,6.851835117206474,0.629444,0.8672,3.820728,5.0,34,23,5.0,0.0501904957,
460,1.3827133711127346,0.858600322699502,6.907028196927673,0.6320133333333333,0.87051,4.027463333333333,3.0,34,23,3.0,0.0334742785,
461,1.4087309424981658,0.8707945855650651,6.799130814916101,0.60992,0.8530533333333333,4.129795,6.0,33,22,6.0,0.0886967369,
462,1.400325517707047,0.8908432794396028,6.685990254710431,0.5888,0.829542,4.910431333333333,15.0,32,21,15.0,0.0857582082,
463,1.9522213723223951,1.6696470136826294,6.564026620019437,0.49468666666666666,0.7198183333333333,1.30008,6.0,31,25,6.0,0.0537511275,
464,1.8261429852102036,1.3249111312712167,6.163200548087574,0.58283,0.7917090909090909,2.738170909090909,11.0,30,23,11.0,0.0580120086,
465,1.7733297989060375,1.154244691257613,6.214119710144167,0.58838,0.7948085714285714,3.790082857142857,7.0,30,21,7.0,0.0559034983,
466,1.7317936343470426,1.1751915692150587,6.226559756300504,0.60633,0.823465,3.17017,4.0,30,23,4.0,0.0718500026,
467,1.7130947407011536,1.209936143854034,6.331157207577494,0.59445125,0.80399375,1.762535,8.0,31,24,8.0,0.0500606431,
468,1.762572961586739,1.2254141677126424,6.165763864137092,0.5866111111111111,0.7841755555555555,2.893241111111111,9.0,31,24,9.0,0.1044351116,
469,1.7772932984950438,1.289367669355126,6.056253969616343,0.597372,0.807951,1.289286,10.0,30,24,10.0,0.0746048515,
470,1.861678402326453,1.381050731976949,6.025053462682267,0.594695,0.79786,1.00444,2.0,31,25,2.0,0.1420513887,
472,1.840964047372861,1.193403177700206,5.985049251228784,0.60392,0.82091,1.03913,1.0,30,23,1.0,0.142032289,
473,1.7428378714254222,1.114995137758376,6.089869683740834,0.573485,0.802465,0.84844,2.0,32,24,2.0,0.0824143073,
474,1.8075691152894537,1.288702965190235,5.927242435520673,0.627025,0.847845,1.900925,2.0,30,24,2.0,0.1147663766,
475,1.8350963612412474,1.402227664757074,5.785549861676283,0.619012,0.855536,1.27909,5.0,29,24,5.0,0.0513222045,
476,1.862616861570615,1.418997166540438,5.807953629546774,0.60422,0.83585,1.50932,1.0,29,24,1.0,0.0831906309,
478,1.6736414741446746,1.067391695249873,6.10140692371016,0.5798833333333333,0.81007,1.6058375,12.0,32,24,12.0,0.1585997063,
479,1.7781768644289808,1.3676077646739837,5.778876423048219,0.63482,0.87408,2.50196,2.0,29,24,2.0,0.0473745511,
480,1.884426177368194,1.4246542690969874,5.726609724360232,0.6189314285714286,0.8552842857142857,1.23969,7.0,29,24,7.0,0.0723629397,
481,1.9656560391214108,1.4717110057538025,5.6931298439420885,0.61292,0.84494,2.00141,1.0,29,24,1.0,0.106454632,
482,2.0219975517913973,1.6043106490857737,5.586067865344775,0.6107033333333334,0.85,1.5405666666666666,3.0,29,25,3.0,0.0598818086,
484,2.1171774578399156,1.5228331220665823,5.415483592790252,0.6312116666666666,0.8774066666666667,1.1807883333333333,6.0,29,24,6.0,0.1051781472,
485,2.052206075506454,1.618483402443783,5.514234007829999,0.6201211111111111,0.8629111111111111,1.7728977777777777,9.0,29,25,9.0,0.0560611538,
486,2.06638985298319,1.6279377844334437,5.538964942414102,0.6139,0.855376,1.159026,5.0,29,25,5.0,0.0727647856,
487,1.882394341780063,1.5197563597499104,5.5847767045875605,0.63944,0.88605,1.897535,2.0,29,25,2.0,0.0755199031,
488,1.897652907403548,1.4100063628565727,5.570143524810092,0.65103,0.89861,1.79975,1.0,29,24,1.0,0.0588669454,
489,1.7788988135923454,1.3653347231371897,5.737174771323697,0.5888266666666667,0.8541733333333333,2.4201383333333335,6.0,30,25,6.0,0.0855466519,
491,1.785733549157459,1.1780440739685172,5.875373913322827,0.57311,0.82359,2.154,1.0,31,24,1.0,0.1080490896,
492,1.6515151969130275,1.2698252836566324,5.760232974062201,0.578873,0.862038,2.650129,10.0,30,25,10.0,0.1381312927,
493,1.8828544268665122,1.2558494277748913,5.5813454103251985,0.5833157142857143,0.8599909523809524,1.8197038095238096,21.0,30,24,21.0,0.2880077374,
494,1.7693480370834769,1.291003243565895,5.603611796423774,0.57517,0.85947,3.2591,1.0,30,25,1.0,0.1087044104,
495,1.6865133293329049,1.0137263572111557,5.889594570568999,0.5882657142857143,0.8552542857142857,2.0027871428571427,7.0,31,24,7.0,0.160903718,
496,1.690385725115369,1.099765352788848,5.903386896061068,0.5725514285714286,0.8385185714285714,2.4065757142857143,7.0,31,25,7.0,0.1258741519,
497,1.6838287714215547,1.032286163893178,6.023827980157144,0.563085,0.809225,1.792485,2.0,32,25,2.0,0.073020874,
498,1.8729355248114283,1.1396019796934949,6.7124305260936294,0.47912125,0.72122875,1.58332,8.0,30,21,8.0,0.1924111902,
499,1.7142821557566794,1.1314858253580866,6.826776559826117,0.4649563636363636,0.6995627272727273,3.260536363636364,11.0,29,21,11.0,0.0831056438,
500,1.7290191413874645,1.0596064100810674,6.892984090421989,0.478785,0.699785,2.69336,2.0,30,20,2.0,0.0671210187,
501,1.710742524703217,1.093164287661958,6.8801078735728,0.4666488235294118,0.6925882352941176,2.665634705882353,17.0,29,20,17.0,0.1249760528,
502,1.9427939452059426,1.3950870998877285,6.542651633769159,0.45216666666666666,0.6668288888888889,1.2388155555555556,9.0,27,20,9.0,0.0919734463,
503,1.902798007257633,1.4124098201742874,6.600996323382239,0.459,0.67132,1.07841,2.0,28,21,2.0,0.201234684,
504,1.8632515130426024,1.4031275647157668,6.657883120729151,0.4524225,0.666215,1.806375,4.0,28,21,4.0,0.0924593939,
505,1.869556375077253,1.6023732192491713,6.678829076115318,0.4418566666666667,0.66583,2.2202533333333334,3.0,26,22,3.0,0.041874508,
506,1.8888808812929556,1.4129846093740224,6.705257965233764,0.44499625,0.658055,1.49248,8.0,28,21,8.0,0.1681243083,
507,1.808477400673586,1.4526313706235827,6.76158031413016,0.44305,0.6641066666666666,2.483033333333333,3.0,26,20,3.0,0.0602354998,
508,1.8255380663294636,1.4471723418709828,6.841550720189139,0.45688,0.66218,1.9101283333333334,6.0,26,20,6.0,0.0792683005,
509,1.8298227709382928,1.4149835703399334,6.874418232778103,0.45920545454545453,0.6717318181818182,1.0088972727272727,11.0,26,20,11.0,0.1347006197,
510,1.8195712031017668,1.5601409252651635,6.86199831226733,0.45975333333333335,0.6764266666666666,0.23941666666666667,3.0,26,21,3.0,0.1298372616,
512,2.2161352740875198,1.2920559459155623,5.108288253604144,0.613464,0.901514,1.530384,5.0,29,24,5.0,0.1881989022,
514,2.500636209046516,1.532024591862045,4.788312294077196,0.59402,0.8963433333333334,1.25134,3.0,29,25,3.0,0.1088674459,
515,2.378417814756306,1.6500243640250212,4.773403380168695,0.576834,0.892544,2.829602,5.0,29,26,5.0,0.1132960559,
516,2.227943545180047,1.3871774174507165,4.988058087868688,0.60556375,0.90848625,2.057775,8.0,29,25,8.0,0.1838316379,
517,2.2597092628033626,1.5604682090174131,4.786225737121874,0.55873,0.89828,2.3955925,8.0,29,26,8.0,0.1689625929,
518,2.215621782843279,1.5485126542563443,4.875715547745234,0.579485,0.901505,2.57975,2.0,29,26,2.0,0.0940907768,
519,1.8189572474844735,1.0529743794212785,5.528263966817549,0.5699944444444445,0.8586155555555556,1.2420855555555557,9.0,30,24,9.0,0.2204262444,
520,1.8319727590185404,1.2556059316242651,5.3959674679558995,0.62798,0.9173,2.07752,1.0,29,25,1.0,0.0590570478,
521,1.855365503871087,1.2382164551927017,5.318811689973356,0.61406,0.9166566666666667,1.4623266666666668,3.0,29,25,3.0,0.1207063676,
522,1.9108920147380928,1.206384660792445,5.156676341710812,0.579035,0.91887,0.988485,2.0,29,25,2.0,0.1535892716,
524,2.3371185169075033,1.5915649322083325,4.6494126783985275,0.534902,0.89699,1.616354,5.0,29,26,5.0,0.1162072355,
525,2.1130151590091795,1.4550857059418547,4.616367713721131,0.495228,0.911206,0.68948,5.0,29,26,5.0,0.2637835296,
527,1.981111822235979,1.7142202642070978,4.65422502580251,0.47718,0.90528,0.0,1.0,29,27,1.0,0.2145483926,
529,2.30547609164832,1.7635169800456,4.424931539706924,0.5163833333333333,0.9132933333333333,2.113195,6.0,29,27,6.0,0.2578758704,
530,2.0578910842330815,1.6393788307631776,4.663015003968642,0.5151175,0.91333,2.93266,4.0,29,27,4.0,0.0811677651,
531,1.977699320218049,1.5859534417833316,4.766863728594469,0.523188,0.914302,2.160356,5.0,29,27,5.0,0.0578305511,
532,2.090856100948021,1.6426998816285765,4.680410958162705,0.5287625,0.91429,3.1025125,4.0,29,27,4.0,0.0977226025,
533,2.0129936682122405,0.9881264617793213,5.423202142358088,0.57344,0.866175,1.639165,2.0,30,26,2.0,0.1708009142,
534,2.2106807469723364,1.0314604724090137,5.2427508242590495,0.5785666666666667,0.8664733333333333,0.58113,3.0,30,26,3.0,0.2381805784,
535,2.236622679172806,1.0228455127563596,5.248768096242826,0.5993675,0.8676475,0.47111,4.0,30,26,4.0,0.1249723927,
536,2.1986225471310865,1.2286852951254361,5.245616949882364,0.62266,0.8732557142857142,1.0623885714285715,7.0,30,27,7.0,0.1044056527,
537,2.154862028326193,1.2462401481346885,5.3248610470376585,0.62317,0.8769533333333334,0.31747333333333333,3.0,30,27,3.0,0.2102128526,
539,2.029413901350899,1.0147428946023758,5.451351911828888,0.612682,0.883118,2.959268,5.0,30,26,5.0,0.348241788,
540,1.915911564851302,0.9951034923909392,5.565561831041005,0.6103288888888889,0.8832777777777778,2.90903,9.0,30,26,9.0,0.200260981,
541,1.8424932125384972,0.8407530464524005,5.716375080311524,0.6187544444444445,0.8885588888888889,3.6357744444444444,9.0,30,25,9.0,0.052280174,
542,1.8788696152875568,0.8836216119653186,5.707195412132955,0.6144683333333333,0.8874983333333333,1.8247116666666667,6.0,30,25,6.0,0.1184376037,
544,1.8722552474928122,0.805832791703242,5.960329970294944,0.580455,0.8226775,0.6640975,4.0,32,25,4.0,0.1309579269,
546,2.0094604744802034,1.2407304640411276,6.445702629822126,0.476255,0.7200683333333333,0.66017,6.0,30,23,6.0,0.1566685377,
547,1.9835503979892133,0.9758667217616219,6.474980049592527,0.4657175,0.6939125,0.5394425,4.0,29,21,4.0,0.1184636366,
548,1.8979954795132785,1.0105252494807906,6.534360456263682,0.4537225,0.672135,1.335875,4.0,28,21,4.0,0.0956862559,
549,2.4574771707678558,2.1361426112567488,5.799065281628006,0.47749,0.64988,0.0,1.0,26,24,1.0,0.1146744644,
550,1.8923691985534448,1.0179337138205922,6.616108471590372,0.453262,0.666864,0.829326,10.0,28,21,10.0,0.3016773515,
551,1.6972519405470912,1.209871568469191,6.634707006913979,0.446834,0.658122,2.2532,5.0,27,21,5.0,0.0760053723,
552,1.7612666107054946,1.2531322303779062,6.598056611965708,0.4459627272727273,0.6579390909090909,1.5192763636363635,11.0,27,21,11.0,0.1704726448,
553,1.726969778915586,1.0929597810285223,6.760253267111898,0.453582,0.673184,1.45173,5.0,29,21,5.0,0.1423088074,
554,1.8537316166886346,1.1544890514127086,6.671361465558215,0.46564,0.69901,1.13348,1.0,30,22,1.0,0.0966529662,
555,1.772117065587952,1.084374860708949,6.813680317165754,0.46743,0.6988183333333333,1.6725783333333333,6.0,30,21,6.0,0.1378661327,
556,1.6813399146120882,1.0163255942300307,6.89363731182262,0.4686318181818182,0.6898772727272727,3.337206363636364,11.0,29,19,11.0,0.1376804889,
557,1.7237519086500313,1.2569592690170301,6.675833804796888,0.44623,0.6640566666666666,3.6453166666666665,3.0,27,21,3.0,0.1050252609,
558,1.8334205802793295,1.4556943943896312,6.685887837628053,0.4525,0.6661666666666667,1.4670333333333334,3.0,26,19,3.0,0.0763350072,
559,1.7955935787341781,1.5342256912772085,6.695740735036042,0.446272,0.664154,3.845794,5.0,26,21,5.0,0.0924791271,
560,1.7098786226030367,1.3946235413271824,6.814980589595304,0.4483,0.6664975,3.49368,4.0,26,19,4.0,0.0678924534,
561,1.711797541849631,1.2320997700920924,6.7624994052747995,0.451874,0.666318,1.844228,5.0,27,19,5.0,0.1683865828,
562,1.6568980865863912,1.3626333217344235,6.888839001130271,0.45208,0.67504,5.037953333333333,3.0,26,19,3.0,0.1165847095,
563,1.760919367256134,1.328119839810114,6.907374430839666,0.4613585,0.6730385,3.6171825,20.0,26,18,20.0,0.1875988618,
564,1.8153425187758088,1.439252023603863,6.890403996501335,0.45912833333333336,0.6685341666666667,3.1654258333333334,12.0,26,20,12.0,0.1456380203,
565,2.021972398623948,1.3743289609409441,6.697252543641333,0.47286,0.67707,0.0,1.0,32,21,1.0,1.2863717675,
566,2.1344603854168156,1.065082311175671,6.591094900421623,0.5341033333333334,0.76333,0.08286,3.0,32,17,3.0,1.2364661814,
567,1.8456997558005126,1.0639826077773038,6.729911473729059,0.489105,0.72388,0.05438,2.0,27,18,2.0,0.2797745531,
569,1.7438507918361443,1.1950963624841862,6.972169870796564,0.47109666666666666,0.7016533333333334,1.7606966666666666,3.0,26,20,3.0,0.1703883349,
570,1.7021335410789618,1.0836908297811505,6.836714628310396,0.459742,0.698517,1.915876,20.0,26,19,20.0,0.1513182851,
571,1.45497680104886,0.9562634382209753,6.986498059261938,0.48711333333333334,0.7378733333333334,0.86733,6.0,26,19,6.0,0.1117360253,
572,1.3121071199994925,0.5810217604731692,7.146335349755606,0.52851,0.78149375,5.26438,8.0,26,14,8.0,0.05234118,
573,1.5659204746457387,1.1395417438207025,6.916944498181318,0.46282,0.7022966666666667,2.610053333333333,3.0,26,20,3.0,0.082699556,
574,1.4018861123193562,0.7456400859979004,7.107331397471336,0.486206,0.743202,2.994064,5.0,26,17,5.0,0.0804322138,
575,1.313962562292992,0.6822502827247053,7.173837516200368,0.50481,0.75821,3.16953,1.0,26,16,1.0,0.0243204847,
576,1.2900537425278114,0.6681607460202128,7.138742716610662,0.513855,0.76585,3.344835,2.0,26,16,2.0,0.0530143404,
577,1.2229669776637289,0.6213472588141968,7.304565034390609,0.5310216666666666,0.7854508333333333,4.138070833333333,12.0,27,16,12.0,0.0948509743,
578,1.2244591830605287,0.6280386721678576,7.248034831618775,0.5412466666666667,0.796965,4.414201666666667,6.0,27,16,6.0,0.092939125,
579,1.1223937701169435,0.6032654628603095,7.339726593862166,0.5495857142857142,0.8051685714285715,7.6802914285714285,7.0,27,16,7.0,0.0647074836,
580,1.1507640803062036,0.6495523434037277,7.24749921076393,0.5631833333333334,0.82687,6.431128333333334,6.0,27,17,6.0,0.0300544432,
581,1.1547292271642158,0.6551175008940605,7.229995653675768,0.5651711111111111,0.8289222222222222,6.460528888888889,9.0,27,17,9.0,0.0276859158,
582,1.1429614182357561,0.6557635866804095,7.2683192172344535,0.5495458823529412,0.8135205882352942,7.501618235294118,17.0,27,17,17.0,0.0639444959,
583,1.1021384374073282,0.7212384304835474,7.244291122683625,0.5599442857142857,0.8249514285714286,6.632612857142857,7.0,27,18,7.0,0.0394759668,
584,1.6047617967611225,1.2101345023422176,7.676784760739725,0.70929,0.90581,3.02778,1.0,37,27,1.0,0.0691706,
585,1.726647221843261,1.2801849018853155,7.5881226539261615,0.70526,0.90262,0.59364,1.0,37,27,1.0,0.1424740819,
586,1.6077904296165935,1.0912933252139703,7.693853934699963,0.70425,0.90221,2.26944,1.0,37,26,1.0,0.1020603012,
587,1.725963654355222,1.2976656735056902,7.503220724587425,0.70524,0.91043,1.4941975,4.0,35,26,4.0,0.0627745275,
589,1.8913990915530543,1.4432133520573807,7.262544805298159,0.692464,0.90589,2.405692,5.0,32,25,5.0,0.0232515697,
591,2.1911392434173487,1.8796123255501083,6.9349477509085995,0.67269,0.88968,0.95007,1.0,28,25,1.0,0.0391619279,
593,2.07228100028616,1.6622971528696884,7.194919219428563,0.685215,0.897645,1.044975,2.0,32,26,2.0,0.0439065025,
594,1.8696546472458413,1.4913475648404273,7.110356612088381,0.69384,0.90379,4.20219,1.0,28,24,1.0,0.0241044971,
597,1.6646352604174695,1.3604088508332512,7.2001570361761225,0.69938,0.90719,8.86399,1.0,28,24,1.0,0.0174865464,
600,2.0147530975425134,1.564954838629398,7.201154487326708,0.68495,0.89993,1.93762,1.0,31,25,1.0,0.053320249,
601,1.7849428772047384,1.4101660991463358,7.398775916894353,0.70247,0.91077,1.60926,1.0,33,26,1.0,0.03366792,
602,1.952055908011997,1.5864618756756474,7.266210518267721,0.691435,0.90171,2.3008,2.0,32,26,2.0,0.0499845187,
606,1.6198053612040912,1.2766777126024726,7.586538062740237,0.70627,0.90902,0.11911,2.0,34,27,2.0,0.0835327006,
607,1.251263901144041,0.793458281034409,7.1103564187167105,0.5514333333333333,0.8154666666666667,3.6906733333333333,3.0,27,19,3.0,0.1045429618,
608,1.583927001130202,1.0054606919607452,6.828975601388768,0.52499,0.79439,0.08204,1.0,27,21,1.0,0.1646152716,
609,1.4574391986775386,0.8731922900071684,6.953885192771082,0.52323,0.78796,4.1653,1.0,27,19,1.0,0.0427929637,
610,1.3635040171747408,0.9261082617719839,6.957589825761467,0.5109575,0.7624725,0.8181225,4.0,26,20,4.0,0.1095866817,
611,2.126016907940511,1.5848651139597654,7.218900724842622,0.6813875,0.88471625,1.074503125,16.0,33,26,16.0,0.089977893,
616,2.0753251332844247,1.6622206681002207,7.206274673903827,0.68742,0.89762,1.42794,1.0,32,26,1.0,0.0499314424,
617,2.1347434103430003,1.6388460921869739,7.119386174193038,0.68072,0.89749,0.55112,1.0,31,25,1.0,0.1709396491,
618,2.0324265009259266,1.5652930673448824,7.0297932589012575,0.67598,0.88869,1.085965,2.0,29,24,2.0,0.1535470474,
619,2.085153990663178,1.6432859557329969,6.997973961668268,0.68367,0.89684,1.65864,3.0,28,24,3.0,0.0622799212,
620,2.1215783675294433,1.8243863819944661,6.965038799363352,0.67431,0.89016,1.36859,1.0,28,25,1.0,0.0527758027,
621,2.275065387053012,2.0270901767185387,6.934814757167843,0.66164,0.87961,0.847255,2.0,28,26,2.0,0.0678438826,
622,2.496180092461386,2.3800364310842093,6.776119192650956,0.65087,0.87226,0.36782,1.0,28,27,1.0,0.1199592755,
624,2.4115779159985107,2.2138024386808333,6.799604290049372,0.6625233333333334,0.8796633333333334,0.8672666666666666,3.0,28,26,3.0,0.1084900255,
626,2.3870625908759573,2.196338225608455,6.76272721347191,0.66024,0.87976,0.75553,1.0,28,26,1.0,0.0576260757,
627,2.4352024044017804,2.236428096300336,6.778274024089108,0.65952,0.87848,0.62896,4.0,28,26,4.0,0.0716207178,
630,2.4439569202291804,2.245037176732185,6.810634457872502,0.64805,0.87188,0.28215,1.0,28,26,1.0,0.0640043186,
634,1.2704443436439699,0.8867359259075801,7.055176273410314,0.5137175,0.763385,3.77229,4.0,26,20,4.0,0.0636315619,
635,1.2446020760061294,0.8832770172865336,7.071560401740814,0.50933,0.75645,2.652015,2.0,26,20,2.0,0.0572396721,
636,1.240061452210135,0.78998044539989,7.099876596065364,0.5167525,0.7676475,4.0691825,4.0,26,18,4.0,0.0405146272,
637,1.2523780955458208,0.813290105615568,7.100351798099062,0.5129385714285715,0.7646428571428572,2.6118585714285714,7.0,26,19,7.0,0.0635708538,
639,1.4024245989039246,0.816581394236096,7.0902865014581495,0.506256,0.740129,1.96739,10.0,26,18,10.0,0.1759239179,
640,1.3578307958541975,0.706584465681582,7.134494161508842,0.491016,0.747566,1.482897,10.0,26,16,10.0,0.1315614366,
641,1.426700492128289,0.8855618762973039,7.058042821155797,0.50065,0.73467,2.02597,1.0,26,19,1.0,0.0574909897,
642,1.5529232293971276,0.9401539078130653,6.981473425680796,0.48391,0.71743,1.00882,1.0,26,19,1.0,0.0606443049,
643,1.6888697105642276,1.152725402960542,6.963167161985213,0.46344,0.70325,1.58127,1.0,26,21,1.0,0.0602471861,
644,1.684665090610473,1.1095519013527655,7.001963145851848,0.4667553846153846,0.69565,2.186850769230769,13.0,26,20,13.0,0.1500889614,
645,1.5161526091442714,1.0997035896699627,6.981886801696818,0.478045,0.705665,2.57062,2.0,26,20,2.0,0.068975835,
646,1.5568666720513546,1.0401535846994099,7.1165827928731415,0.47463,0.71067,2.17736,1.0,26,20,1.0,0.0818068582,
647,1.561834091408167,1.084799648717038,6.977500987267631,0.47280333333333335,0.6957333333333333,2.9067433333333335,3.0,26,19,3.0,0.0541316768,
648,1.5585196080380426,1.1483885866256156,7.109679888684479,0.464308,0.698668,3.466798,5.0,26,21,5.0,0.0881145886,
649,1.6335390770957803,1.0897507259704824,7.064823245666906,0.462245,0.6903883333333334,2.6311316666666666,6.0,26,20,6.0,0.0697486803,
650,1.6646565091053809,1.4181775617785506,6.976962398022667,0.45630818181818183,0.68018,2.401290909090909,11.0,26,22,11.0,0.0673490535,
651,1.6553586874121649,1.203941016192583,7.052175918242169,0.46312,0.688145,1.323165,2.0,26,21,2.0,0.070492452,
652,1.7543315964485784,1.242034822615514,7.007824333259617,0.4600557142857143,0.6747642857142857,0.3765142857142857,7.0,26,19,7.0,0.5943357386,
653,2.1719623261707013,1.2093121900902417,6.348194106708835,0.49267,0.71593,0.0,1.0,26,19,1.0,0.3303483194,
655,2.193239029663512,1.8543456945089443,6.4333848832147025,0.451015,0.66132,0.07005,2.0,26,22,2.0,0.2008848415,
656,2.2250930650660043,1.9365853890415103,6.420499184282883,0.4379633333333333,0.6382216666666667,0.53962,6.0,26,22,6.0,0.4285301648,
657,2.0177143011007015,1.6811100596102548,6.675935213726477,0.4394,0.6425733333333333,0.54014,3.0,26,22,3.0,0.1545044567,
658,2.4306949743372215,1.7691310599382148,6.326765643969807,0.4253,0.62565,0.0,1.0,26,21,1.0,0.4287035031,
659,2.29500596828512,1.5853354387515097,6.446281943135336,0.429445,0.63198,1.207525,2.0,26,21,2.0,0.0978032609,
660,2.1664138746317807,1.5981121204966107,6.552195969788533,0.43353,0.64148,1.337135,2.0,26,21,2.0,0.0914477829,
661,1.924123205786231,1.3899022104297956,6.6636723817322645,0.43312,0.6531933333333333,3.0864133333333332,3.0,26,19,3.0,0.0301085837,
662,1.9044560969093014,1.494365024637487,6.753992040012066,0.450095,0.65955375,1.93506,8.0,26,20,8.0,0.0533410567,
663,2.0025404389377655,1.3983988508746936,6.699105419446652,0.4508333333333333,0.6568633333333334,2.06409,3.0,26,19,3.0,0.053601074,
664,1.7815169154605568,1.464420047405086,6.885866128913286,0.45508363636363636,0.6716945454545454,3.5355554545454546,11.0,26,21,11.0,0.0315839354,
667,1.8412346893759342,1.49719297041046,6.744897806353817,0.43634,0.662575,3.26705,2.0,26,20,2.0,0.0608482448,
668,1.8121359190726194,1.5477669976516126,6.624874929250132,0.44253,0.65367,2.73853,1.0,26,21,1.0,0.0326909482,
670,2.095148449053365,1.5162158151786669,6.648357032975157,0.43572,0.644675,0.22659,2.0,26,20,2.0,0.1301391374,
672,1.8982939559073049,1.3823388190188797,6.692103861736174,0.43194,0.64933,4.04847,2.0,26,19,2.0,0.0629057981,
673,2.0240599702363515,1.4106300797222218,6.647868655532385,0.44641,0.653265,1.92631,4.0,26,19,4.0,0.0824580573,
674,2.030266624827532,1.4979013042613054,6.57330569785711,0.41799,0.646255,2.8422,2.0,26,21,2.0,0.057690093,
675,1.9869163508021475,1.3400630258361381,6.627422112846788,0.42479333333333336,0.6396533333333333,1.9782833333333334,3.0,26,19,3.0,0.0868745517,
676,2.022059285172803,1.4258616420399022,6.584535718460136,0.419,0.633375,3.4726475,4.0,26,21,4.0,0.0913956103,
677,2.213196987584943,1.4560253085114567,6.475258323832888,0.430925,0.633895,1.7526825,4.0,26,20,4.0,0.1753729309,
678,2.2839875290498526,1.6377820845813744,6.3751783153769965,0.40609,0.62571,1.74521,1.0,26,22,1.0,0.0638303873,
679,1.7987359856283318,1.3385563522934953,6.766150140722003,0.4381877777777778,0.6532444444444444,5.4362,9.0,26,19,9.0,0.1145106583,
680,1.8041121251566425,1.4937118725686265,6.70831091891994,0.44459,0.656865,3.5059375,4.0,26,20,4.0,0.0733195195,
681,1.8852812558252967,1.313732474958628,6.663769413256406,0.44141375,0.6446325,3.440525,8.0,26,19,8.0,0.1100221945,
682,1.9214208694247261,1.359154740452537,6.623989472446687,0.433292,0.639258,4.668926,5.0,26,20,5.0,0.0764452493,
683,2.016962957899993,1.4063827697484839,6.495860790407689,0.4305,0.6284033333333333,3.76907,3.0,26,20,3.0,0.0518835307,
684,2.0449324676576186,1.4150984363151233,6.468913230182463,0.431285,0.6292275,2.031505,4.0,26,20,4.0,0.0579076791,
685,1.94826979382852,1.5286754632332225,6.553139331229163,0.4225525,0.6295625,4.32735125,8.0,26,21,8.0,0.1021834616,
686,1.9878405578271467,1.3885910621744426,6.568761518573802,0.42191,0.6277166666666667,4.31915,3.0,26,20,3.0,0.1103151931,
687,1.9571793405992424,1.3718158262506508,6.6101907339177615,0.42349454545454546,0.6323927272727272,4.240715454545454,11.0,26,20,11.0,0.1184469247,
688,2.415166250938719,1.9335318746460706,6.266207412336453,0.42090428571428573,0.6184128571428571,1.67864,7.0,26,22,7.0,0.1194791211,
689,2.443816142020242,2.031488616451819,6.165478372821893,0.402055,0.61269,2.766585,2.0,26,23,2.0,0.0487446267,
690,2.2883635413689185,1.8154757136465194,6.284428110360131,0.40901666666666664,0.618075,2.9825083333333335,6.0,26,22,6.0,0.0937161559,
691,2.2041648455267517,1.7975781065529655,6.338662286522992,0.407095,0.6144525,2.9046725,4.0,26,22,4.0,0.1370446328,
692,2.4167051058197835,2.038808897850567,6.13798310541187,0.40077833333333335,0.6091433333333334,2.6196633333333335,6.0,26,23,6.0,0.0538638041,
693,2.5732179083172473,2.1425391722250215,6.001360015591124,0.40044857142857143,0.6094214285714286,1.81702,7.0,26,23,7.0,0.0945038049,
694,2.629969447103097,2.257884691861188,5.912611584263125,0.39787,0.60834,2.26085,1.0,26,24,1.0,0.0974038938,
695,2.487775481459959,2.121442995264816,6.055376286723564,0.39780333333333334,0.6064266666666667,1.5371033333333333,3.0,26,23,3.0,0.109614862,
696,2.322349264294759,1.9936140622868312,6.193615135650373,0.39905,0.607495,2.859305,2.0,26,23,2.0,0.0635074206,
697,2.1220125827980634,1.7614353756819008,6.385669607434209,0.40724,0.6134425,3.4389275,4.0,26,22,4.0,0.0763249085,
698,2.194981750283055,1.7622645556567438,6.3361181991470605,0.417815,0.61744,1.97105,2.0,26,21,2.0,0.0999359326,
700,2.310487489695453,1.8612036818400863,6.178057385046231,0.41967666666666664,0.61593,1.62332,3.0,26,21,3.0,0.0783503192,
701,2.245176790899835,1.8210900804055878,6.2430425754183965,0.4136633333333333,0.6122166666666666,1.21684,3.0,26,21,3.0,0.0795414145,
702,2.217408480080756,1.8556126507345738,6.270504705656383,0.4017833333333333,0.6103566666666667,0.84474,3.0,26,22,3.0,0.1570355089,
703,2.209684861495313,1.9066493282969676,6.2415499150016105,0.39746,0.607585,0.30745,2.0,26,22,2.0,0.0959509261,
704,2.245889064253971,1.6227288785052203,6.296480857552429,0.42711,0.62606,2.112626666666667,3.0,26,20,3.0,0.1290540341,
705,2.136649471211473,1.5370592416762106,6.400052230786658,0.443895,0.637125,1.63685,2.0,26,20,2.0,0.0838178439,
706,2.130694419762217,1.5576206457308328,6.386424079084302,0.4436625,0.6362025,1.473065,4.0,26,20,4.0,0.0904774664,
707,2.1970687859636864,1.6334998446568803,6.2992694607824085,0.46042,0.64545,0.80687,1.0,26,21,1.0,0.0607075934,
708,2.271101155753355,1.6791455292233526,6.238772801310524,0.433426,0.63187,1.87957,5.0,26,21,5.0,0.1451936793,
709,2.260077584600515,1.698340363130128,6.237771536129194,0.42257,0.622315,1.59756,2.0,26,21,2.0,0.180151714,
711,2.196059144328478,1.7944178565962539,6.20670360660557,0.47059666666666666,0.6477966666666667,0.6607366666666666,3.0,26,23,3.0,0.0595649419,
712,2.2395896392306804,1.9983810692583484,6.038062390126808,0.48175,0.65246,2.442,2.0,26,24,2.0,0.1355360111,
713,2.3115217231899874,2.0685354990238585,5.941598144418023,0.466575,0.64393,0.14546,2.0,26,24,2.0,0.2052029545,
714,2.525658965786529,2.189073958890974,5.710805886074543,0.46241,0.642675,1.448645,2.0,26,24,2.0,0.1667604923,
715,2.611631860265708,2.2531307927474598,5.627148304060202,0.451596,0.636118,1.826708,5.0,26,24,5.0,0.1531488074,
716,2.404738093166876,2.026058558166753,5.9259042502554715,0.44862714285714284,0.6293271428571429,2.4021657142857142,7.0,26,23,7.0,0.1170095463,
718,2.311247384020808,1.9323457721798079,6.077493758870911,0.435375,0.6253675,2.2493775,4.0,26,23,4.0,0.0636897863,
719,2.3161650303847208,1.8861141896678681,6.119004185924456,0.42187,0.62213,1.96434,1.0,26,23,1.0,0.059877621,
720,2.3352070879993225,2.1010751270711894,6.083895512546138,0.406715,0.605415,1.48714,2.0,26,23,2.0,0.0802941111,
721,2.38143890663334,1.960163570159224,6.002885062977211,0.42972,0.6229,2.64087,1.0,26,23,1.0,0.0458004095,
722,2.501621917473535,2.038692720825581,5.860502859775946,0.43793666666666664,0.62456,2.5686033333333333,3.0,26,23,3.0,0.10662426,
723,3.233377288205101,2.380129257956619,5.150545546747481,0.43906,0.6266025,0.89582,4.0,26,23,4.0,0.2137209038,
724,2.775584408826036,2.294480619384049,5.531555212517637,0.431515,0.629115,1.5472,4.0,26,24,4.0,0.1057132542,
725,2.8148154678313677,2.4922970534509883,5.49779091882752,0.42678,0.60893,1.563535,2.0,26,24,2.0,0.1292631869,
726,2.4659682830645018,2.2432651066065166,5.897056125611467,0.41322,0.6058266666666666,1.9211466666666666,3.0,26,24,3.0,0.0672108347,
727,2.5565194502092488,2.3106863434700835,5.782778554408652,0.420022,0.608074,1.950826,5.0,26,24,5.0,0.0752487789,
730,2.6782667563514355,2.3858420480860407,5.692611442341415,0.41572333333333333,0.6070083333333334,1.578185,6.0,26,24,6.0,0.1447533778,
731,2.4648136130353118,2.230577920141143,5.934349380128813,0.40649,0.60841,1.51531,1.0,26,24,1.0,0.0895548115,
732,2.432857340586884,2.169303214361206,5.9764956921548515,0.3968975,0.60312,1.6663375,4.0,26,23,4.0,0.1092871252,
734,2.5144066573873025,2.2213054435359254,5.906584593786619,0.397155,0.6040425,1.5500275,4.0,26,23,4.0,0.1005636034,
735,2.339737904979965,2.0619994128028125,6.129085286454341,0.39723,0.607415,1.51598,2.0,26,23,2.0,0.0875707432,
736,2.4279887345110818,2.157176028682135,6.012191526732972,0.39281,0.60578,0.20091,1.0,26,23,1.0,0.074577883,
737,2.4607487914299377,2.180575235810938,6.006720033137614,0.393725,0.606255,1.359215,2.0,26,24,2.0,0.0994065933,
738,2.7083997694712894,2.346853458561054,5.803842957674871,0.39269,0.60635,1.44973,2.0,26,24,2.0,0.0658780822,
739,2.6628030279483377,2.328938779250911,5.823482816719909,0.39376,0.606455,2.39275,2.0,26,24,2.0,0.0537294721,
740,2.744345281295252,2.3769114947745735,5.750969031781098,0.393355,0.606175,1.57725,2.0,26,24,2.0,0.0463672853,
741,2.798646625325131,2.431532270993091,5.677205716463267,0.398315,0.60746,1.60704,2.0,26,24,2.0,0.0556368249,
742,2.6908059219929057,2.3645110604347415,5.76934631101774,0.3972725,0.6068275,2.5474,4.0,26,24,4.0,0.0384861899,
743,2.741145497533001,2.4082255489826165,5.683683417971226,0.40252,0.605755,1.89937,2.0,26,24,2.0,0.0435926661,
746,3.123798297438701,2.620257786421725,5.427222319805805,0.394552,0.608338,0.363384,5.0,26,24,5.0,0.1920808964,
747,2.79938120803166,2.4067264302967746,5.738994028378142,0.39437,0.6071733333333333,1.05011,3.0,26,24,3.0,0.0812064381,
750,1.1651996864135348,0.6350071437152146,7.459579719796454,0.6105566666666666,0.9156133333333333,2.3634333333333335,3.0,28,24,3.0,0.2540488079,
751,1.3953686799733536,0.8918004781016067,7.132972102649264,0.5991571428571428,0.9094885714285714,2.2064271428571427,7.0,28,25,7.0,0.1708064131,
755,1.4745594964398827,0.9263698037703493,7.117574939350899,0.57111,0.89214,1.50208,1.0,28,25,1.0,0.0975499556,
756,1.5315642903295652,0.9455490014543763,7.055818781585701,0.568705,0.8915,1.501665,2.0,28,25,2.0,0.0738618526,
759,1.4501528850336827,0.9241987087877485,7.1706208155322475,0.56156,0.889552,3.552364,5.0,28,25,5.0,0.1229416068,
760,1.1098292980352162,0.8006849593621385,7.460028409632295,0.5552225,0.889105,3.17881,4.0,28,25,4.0,0.0607719413,
761,1.1367420091480556,0.635326978761791,7.568387692956246,0.584,0.89608,3.9481,2.0,28,24,2.0,0.0927670164,
762,0.9564655076004317,0.5963647830786383,7.671197157768451,0.60478,0.90906,2.15941,1.0,28,24,1.0,0.0745071246,
764,1.255462237107205,0.5097672648415513,7.578933615039194,0.5964766666666667,0.8956733333333333,4.43926,3.0,28,23,3.0,0.0517134174,
765,1.2848109753067372,0.8621925867129621,7.364009202573682,0.56535,0.88304,3.795705,4.0,28,25,4.0,0.0719624709,
766,1.3954950010556086,0.6966904352096738,7.346238666599954,0.574675,0.88433,3.995695,2.0,28,24,2.0,0.1044621162,
767,1.5854397983024726,0.6567567605354742,7.3197883457286945,0.59025,0.870665,2.158985,2.0,28,23,2.0,0.2650288244,
768,1.4775793946586946,0.43581429592257276,7.438046825196841,0.597381,0.885967,3.834683,10.0,28,22,10.0,0.1332782822,
769,1.232407454815739,0.403942827494514,7.655132066761474,0.6107133333333333,0.8921333333333333,1.7607533333333334,3.0,28,22,3.0,0.0955733447,
770,1.045722625424121,0.47511825344547964,7.760357273824821,0.61636,0.89826,2.18669,1.0,28,23,1.0,0.0512171342,
771,0.9632245516796206,0.45908968065584127,7.836146381567782,0.6256166666666667,0.9010633333333333,2.58401,3.0,28,23,3.0,0.0943967186,
773,1.1402591901027033,0.6426785732041426,7.583818241846907,0.630485,0.908615,1.75708,2.0,28,24,2.0,0.1173235814,
774,1.278153503920839,0.7001584500480911,7.507537409283936,0.63666,0.90333,2.4355,2.0,28,24,2.0,0.0695808431,
775,1.1203947436009576,0.48016948562760053,7.671382402228668,0.6352033333333333,0.9087133333333334,2.8327133333333334,3.0,28,23,3.0,0.0676747399,
776,1.2768087352578295,0.5422761256167581,7.600307670021152,0.64183,0.89848,3.44013,1.0,28,23,1.0,0.1388952208,
777,1.1082869872125918,0.5004985646289897,7.747338452638271,0.63485,0.89815,2.923435,2.0,28,23,2.0,0.0784915406,
778,1.0768516161896982,0.4932837560738936,7.803963950856529,0.62747,0.89953,3.08414,1.0,28,23,1.0,0.0641336003,
779,1.2893564214726678,0.4389582686071158,7.675031006338527,0.62582,0.8907433333333333,2.24131,3.0,28,22,3.0,0.1111947981,
780,1.3254132705687582,0.4566496638374353,7.653185169185046,0.6208928571428571,0.8884428571428571,3.53269,7.0,28,22,7.0,0.0442709641,
781,1.3072456410703401,0.4682003864939307,7.686911685822673,0.62814,0.88916,2.8363533333333333,3.0,28,22,3.0,0.0319226798,
782,1.2924261451899663,0.4841070765033637,7.708110807406053,0.64268,0.8927825,2.025725,4.0,28,22,4.0,0.0853933462,
783,1.2050447201957173,0.46821621285745046,7.785508513587739,0.64402,0.89677,2.48568,1.0,28,22,1.0,0.0931632085,
784,1.2720523568668478,0.44804770485626866,7.693017178075478,0.6332966666666666,0.8935216666666667,1.9317766666666667,6.0,28,22,6.0,0.1254245932,
785,1.1848687971470115,0.552073607814479,7.726601428756397,0.65271,0.897945,3.146185,2.0,28,23,2.0,0.0701734512,
786,1.2589821479610752,0.5676500055924488,7.64083612653386,0.66302,0.8995,1.86165,1.0,28,23,1.0,0.0930419744,
787,1.3576722714489382,0.6251463602055585,7.514293857382582,0.6653833333333333,0.9083633333333333,1.9400966666666666,3.0,28,24,3.0,0.0529691636,
788,1.2748980803724197,0.5413848327056742,7.602063706563864,0.6522466666666666,0.9026466666666667,3.0278766666666668,3.0,28,23,3.0,0.0552631924,
790,1.6281487814881517,0.9111318055847315,7.234723607644398,0.65486,0.90463,1.43388,1.0,28,25,1.0,0.0407039232,
792,1.324874346005664,0.5587655374252621,7.6644588409376215,0.66723,0.900005,0.92961,2.0,28,23,2.0,0.0971173562,
793,1.3648773124388287,0.8791915406319807,7.572893287360912,0.657344,0.88858,4.31606,5.0,28,24,5.0,0.1133461797,
794,1.4578578539442557,0.934515750970287,7.510015713638881,0.6550333333333334,0.8887973333333333,6.235562666666667,15.0,28,24,15.0,0.127087669,
795,1.2214424215308362,0.8223708166080508,7.657229287923652,0.6540716666666667,0.89252,5.874875,6.0,28,24,6.0,0.1420908313,
796,1.6917103004957537,1.2074957777718742,7.34996420419567,0.650155,0.88686,4.08393,2.0,28,25,2.0,0.1244361601,
799,1.739582207612045,1.235809263425153,7.324753918964259,0.64635,0.88463,1.24577,1.0,28,25,1.0,0.0604482411,
801,1.533776272083106,1.1238444366724738,7.440829394984245,0.6414442857142857,0.88464,6.683357142857143,7.0,28,25,7.0,0.0419659046,
803,1.3965255764785711,0.9043134227384215,7.5438350482447065,0.64461875,0.8857475,5.85898375,8.0,28,24,8.0,0.091512676,
805,1.6190815722593899,0.8811993317141388,7.305292316917062,0.6048575,0.865135,1.1571775,4.0,28,23,4.0,0.0953440323,
806,1.7949705655723371,1.1811122012755266,7.094526821954162,0.5909,0.84997,3.08741,1.0,28,24,1.0,0.1482875062,
807,1.680051513042627,1.3748988616451412,7.126810245908116,0.60327,0.862285,3.650638,10.0,28,26,10.0,0.1178437611,
808,1.5715044195135555,0.8974232806614305,7.367380776953228,0.61245,0.86727,3.3934,4.0,28,23,4.0,0.1089404908,
809,1.6181360526679642,1.1508589825639772,7.284298209771995,0.6259225,0.87815,6.400925,4.0,28,25,4.0,0.1002905071,
810,1.5984970733346333,1.3845421228582377,7.197357355610935,0.60436,0.86059,4.71972,1.0,28,26,1.0,0.0510503844,
811,1.9307668278095056,1.5768307484224613,6.970700003157252,0.6040766666666667,0.8562933333333334,2.3919733333333335,3.0,28,26,3.0,0.1065951398,
812,2.572720708489211,1.966537950339788,6.458362049910723,0.609715,0.858195,0.13615,2.0,28,26,2.0,0.455529029,
813,2.4452351274434427,1.9188888364171672,6.685532776606501,0.60946,0.85447,0.0,1.0,28,26,1.0,0.2497769818,
814,2.0602138205722897,1.6589449960853986,6.952625421860159,0.62086,0.86416,1.6857766666666667,3.0,28,26,3.0,0.3660869284,
815,1.7443209172707916,1.2469035940201851,7.1879376491768445,0.62128,0.873385,5.458655,2.0,28,25,2.0,0.058302843,
816,1.679714850497753,1.2081455223880042,7.28909005987155,0.630435,0.87802875,3.492105,8.0,28,25,8.0,0.1026936558,
817,1.8062530954718383,1.2824329393830278,6.124207116899903,0.5098866666666667,0.7622216666666667,3.3012183333333334,6.0,29,21,6.0,0.0448521087,
818,1.8016738041683473,0.9718705556316359,6.458973092030392,0.53036,0.74999,0.06499,2.0,34,24,2.0,0.5476428472,
821,2.489593546112141,2.1521919746603912,5.765179521566237,0.4775025,0.65025,0.7392725,4.0,26,24,4.0,0.1229685326,
822,2.306867283068421,2.016958388739101,5.990316548122828,0.4775816666666667,0.6521116666666666,2.0060433333333334,12.0,26,24,12.0,0.1668678536,
823,1.4415522590005625,0.9014551745591365,6.714623293818297,0.600979375,0.83776125,4.569603125,16.0,33,23,16.0,0.0869620805,
824,1.4793576737979541,1.0627414592317352,6.874785362389552,0.76593625,0.86950625,25.060294583333334,24.0,28,22,24.0,0.0622364886,
825,2.1588363242078517,0.8623388221257972,6.345743335292673,0.4667,0.68054,0.0,1.0,29,20,1.0,0.9563747176,
826,1.8745354504796947,1.1099293759398374,6.177968859218604,0.48862791666666666,0.6858597916666667,6.5660091666666665,48.0,28,24,48.0,0.2749473092,
827,1.8774546915713104,1.3643639773659353,5.067532516779988,0.5570466666666667,0.9123,0.5338033333333333,3.0,29,26,3.0,0.0060300599,
828,1.6282703885710026,1.132933107005711,6.782386721000452,0.4478442857142857,0.6624507142857143,1.6122114285714286,14.0,28,22,14.0,0.1083758672,
829,2.0699510026886174,1.5290867664176504,5.602238658569202,0.5924366666666666,0.8260833333333333,0.8205966666666666,3.0,29,24,3.0,0.1229157945,
831,1.7252898579541358,1.1228243006452407,6.305285230625093,0.60397,0.827,3.48908,1.0,30,22,1.0,0.0542573251,
832,1.7234635045196318,1.1627068239153955,6.261745520587038,0.6015863636363636,0.83073,3.9179236363636365,11.0,30,23,11.0,0.0436545621,
833,1.8046855543265934,1.140402890315273,6.201833710262254,0.601305,0.82826,3.5602875,4.0,30,22,4.0,0.0677559845,
834,1.80072496675656,1.315391843032972,6.048965228175147,0.5709,0.7947993333333333,3.8222966666666665,15.0,29,22,15.0,0.0718707582,
835,1.5358548324157646,1.2264811338810304,6.366000585336467,0.573662,0.808336,3.999342,5.0,30,23,5.0,0.0471945926,
836,1.494929200790641,0.981728783227927,6.46317449912144,0.55521,0.79943,3.03554,1.0,30,21,1.0,0.0576623913,
837,1.4009047923816182,1.0344254343839574,6.478374525229052,0.5634414285714285,0.8098414285714286,5.3377,7.0,30,22,7.0,0.0465922101,
838,1.5371531301651664,0.9946579725229033,7.074671304365575,0.5508685,0.8069915,4.347188,20.0,32,20,20.0,0.0461544689,
839,1.4504076963226864,0.9504301900159418,7.1675343579957,0.583214,0.828418,6.054838,5.0,34,21,5.0,0.1081058119,
840,1.460121584003391,0.9223736407472439,7.070705690429221,0.607565,0.84328,4.30132,4.0,34,21,4.0,0.0703186773,
841,1.4497488038577004,0.8478064548200402,6.769294642388049,0.6178,0.86334,1.69957,1.0,33,21,1.0,0.0468907618,
842,1.6186265885393722,1.1151765121104071,6.136509749369079,0.607008,0.878888,0.57028,5.0,29,23,5.0,0.0913081824,
843,1.6391602955254532,1.0816558527100826,6.194868427945601,0.59054,0.84678,0.0,1.0,30,23,1.0,0.8566528231,
844,1.1416036449725873,0.6516239141511285,7.237324402510804,0.568615,0.832675,6.5588,2.0,27,17,2.0,0.022538506,
845,1.1893413441224507,0.6599468578734187,7.207916039824461,0.5643645833333333,0.8286141666666667,6.1600029166666666,24.0,27,17,24.0,0.028567946,
846,1.5379433991578495,1.0374636061990123,7.3974806147656675,0.67884,0.89051,2.74982,1.0,34,23,1.0,0.0277165952,
847,1.5110060366361981,1.017804960418881,7.4444192930582425,0.6982,0.90904,3.281715,2.0,33,22,2.0,0.0213816746,
848,1.9411274826947762,1.4501883517466632,7.316161569640815,0.690828,0.901846,2.461699,10.0,32,25,10.0,0.0457087858,
849,1.902915858674999,1.4907909751823567,7.320435761377553,0.6965,0.908048,1.587366,5.0,33,26,5.0,0.0276630939,
850,1.9312885111288018,1.479225837921195,7.24387500391587,0.69098,0.9057525,2.38762,4.0,32,25,4.0,0.0400464118,
851,1.574320772024557,1.229962217430729,7.240327475535147,0.68574,0.89564875,8.6837475,8.0,29,23,8.0,0.0414545742,
852,1.402633173226274,0.9403013496215359,7.557686975383421,0.729625,0.934521,8.559576,10.0,29,23,10.0,0.0496114347,
853,1.2291118533058403,0.6718068711397407,6.987784625552208,0.74308,0.96425,5.87185,1.0,31,26,1.0,0.0194044207,
854,1.292231069879437,0.45284909031029935,7.660034195368527,0.645805,0.892505,1.601445,2.0,28,22,2.0,0.122634196,
855,1.3907956425460093,0.6653685734524745,6.952151037835834,0.773465625,0.874010625,16.603479375,16.0,28,20,16.0,0.1022307807,
856,1.4585141231809429,0.6940068754892678,6.841730759439881,0.776299,0.874847,9.798276,10.0,28,20,10.0,0.0556717576,
857,1.8605193921554515,1.5958170936089269,6.3381316434717725,0.7926985714285715,0.8828114285714286,7.591702857142857,7.0,28,26,7.0,0.1110291931,
858,1.3482550973277045,0.8120482558066288,7.069302816106337,0.5027816666666667,0.7537633333333333,3.638716666666667,6.0,26,17,6.0,0.0463366992,
859,1.9281354741694983,1.5526913828028848,6.651864013907616,0.5084486666666667,0.738942,1.9794733333333334,15.0,32,25,15.0,0.0827115014,
860,1.81725387287816,1.321511110144521,6.169975673735886,0.5751255555555556,0.7876977777777778,3.13697,9.0,30,23,9.0,0.0374665046,
861,1.8210489082481118,1.3217671315288049,6.147366945850511,0.5707436363636363,0.78322,3.525450909090909,11.0,30,23,11.0,0.0577886866,
862,1.7863486662234003,1.2942921803346181,6.053054448680982,0.6056575,0.812795,2.4368925,4.0,30,24,4.0,0.0315433356,
863,1.170460603932874,0.6147870876674282,7.329250013152763,0.542865,0.79845,7.425273333333333,6.0,27,16,6.0,0.0638414492,
864,2.508320156086789,2.099700759317163,5.820797657708747,0.47301,0.65039,1.68095,1.0,26,24,1.0,0.1082787075,
865,1.4077474306237465,0.985586237992,7.09192366914678,0.594685,0.84342875,4.66415625,8.0,32,21,8.0,0.0338372388,
866,1.5066225533448345,1.0230042082467794,6.995307235861071,0.59454,0.8420575,4.1123025,4.0,32,21,4.0,0.0239030922,
867,1.713858801330523,1.3049307811484616,6.133988807217527,0.5485633333333333,0.7869166666666667,4.108113333333334,3.0,29,22,3.0,0.0352648714,
Average,1.6555517797261434,1.1503844102735514,6.680224571506863,0.5982748513104839,0.8199934072580645,5.333529644657258,5.717579250720461,29.211441532258064,22.2578125,3968.0,76.33202544750007,22.626599241276637
5 pct,,,5.5685399319909115,,,0.4664345,,,,,,
10 pct,,,5.765765734081544,,,0.854088,,,,,,
Median,,,6.726878941722032,,,2.999377,,,,,,
