Geocode,School
1,4061
1,4062
2,4061
2,4062
3,4061
3,4062
4,4061
4,4062
5,4061
5,4062
6,4061
6,4062
7,4061
7,4062
8,4061
8,4062
9,4061
9,4062
10,4061
10,4062
11,4061
11,4062
11,4322
11,4541
11,4543
12,4061
12,4062
12,4541
13,4061
13,4062
13,4322
13,4541
14,4061
14,4062
14,4322
14,4541
14,4543
15,4061
15,4062
15,4322
15,4360
15,4361
15,4450
15,4541
15,4543
16,4061
16,4062
16,4322
16,4360
16,4450
16,4541
16,4543
17,4322
17,4360
17,4361
17,4450
17,4541
17,4543
18,4322
18,4360
18,4361
18,4450
18,4541
18,4543
19,4322
19,4360
19,4361
19,4450
19,4541
19,4543
20,4322
20,4360
20,4361
20,4450
20,4541
20,4543
21,4322
21,4360
21,4361
21,4381
21,4450
21,4541
21,4543
22,4280
22,4322
22,4360
22,4361
22,4381
22,4450
22,4541
22,4543
23,4280
23,4322
23,4360
23,4361
23,4381
23,4450
23,4541
23,4543
24,4280
24,4322
24,4360
24,4361
24,4450
24,4541
24,4543
25,4280
25,4322
25,4360
25,4450
25,4541
25,4543
26,4280
26,4322
26,4360
26,4361
26,4381
26,4450
26,4541
26,4543
27,4280
27,4322
27,4360
27,4361
27,4381
27,4450
27,4541
27,4543
28,4280
28,4322
28,4360
28,4361
28,4381
28,4450
28,4541
28,4543
29,4322
29,4360
29,4361
29,4381
29,4450
29,4541
29,4543
30,4322
30,4360
30,4361
30,4381
30,4450
30,4541
30,4543
31,4322
31,4360
31,4361
31,4450
31,4541
31,4543
32,4322
32,4360
32,4361
32,4381
32,4450
32,4541
32,4543
33,4322
33,4360
33,4361
33,4381
33,4450
33,4541
33,4543
34,4322
34,4360
34,4361
34,4381
34,4450
34,4541
34,4543
35,4322
35,4360
35,4361
35,4381
35,4450
35,4541
35,4543
36,4061
36,4062
36,4322
36,4360
36,4361
36,4450
36,4541
36,4543
37,4280
37,4283
37,4322
37,4381
37,4450
37,4541
37,4543
38,4280
38,4283
38,4322
38,4360
38,4361
38,4381
38,4450
38,4541
38,4543
39,4280
39,4283
39,4381
40,4280
40,4283
40,4381
41,4280
41,4283
41,4381
41,4543
42,4280
42,4283
42,4322
42,4381
42,4543
43,4280
43,4283
43,4381
43,4543
44,4280
44,4283
44,4381
45,4280
45,4283
45,4381
46,4280
46,4283
47,4280
47,4283
48,4280
48,4283
48,4322
48,4541
48,4543
49,4280
49,4283
50,4280
50,4283
50,4381
51,4280
51,4283
52,4280
52,4283
53,4280
53,4283
54,4280
54,4283
55,4280
55,4283
55,4381
56,4280
56,4283
56,4381
57,4280
57,4283
57,4381
58,4280
58,4283
58,4381
59,4280
59,4283
59,4381
60,4280
60,4283
60,4381
61,4280
61,4283
61,4381
62,4280
62,4283
62,4381
63,4280
63,4283
63,4381
64,4381
64,4650
65,4381
65,4650
66,4381
66,4650
67,4381
67,4650
68,4381
68,4650
69,4640
69,4650
70,4381
70,4650
71,4381
71,4650
72,4381
72,4650
73,4381
73,4650
74,4280
74,4283
74,4381
74,4650
75,4280
75,4283
75,4381
76,4280
76,4283
76,4381
77,4280
77,4381
77,4650
78,4280
78,4283
78,4381
78,4650
79,4280
79,4283
79,4381
80,4280
80,4283
80,4381
81,4280
81,4283
81,4381
82,4280
82,4283
82,4322
82,4360
82,4361
82,4381
82,4450
82,4543
83,4280
83,4283
83,4360
83,4361
83,4381
83,4450
84,4280
84,4283
84,4361
84,4381
85,4280
85,4283
85,4381
86,4280
86,4283
86,4381
87,4280
87,4283
87,4360
87,4361
87,4381
87,4450
88,4280
88,4360
88,4361
88,4381
89,4280
89,4360
89,4361
89,4381
89,4450
90,4280
90,4360
90,4361
90,4381
90,4450
91,4280
91,4361
91,4381
92,4381
92,4650
93,4280
93,4381
93,4650
94,4381
94,4650
95,4361
95,4381
95,4650
96,4360
96,4361
96,4381
96,4450
96,4650
97,4381
97,4650
98,4381
98,4650
99,4381
99,4650
100,4381
100,4650
101,4381
101,4650
102,4381
102,4650
103,4381
103,4650
104,4381
104,4650
105,4381
105,4650
106,4381
106,4650
107,4381
107,4650
108,4381
108,4650
109,4381
109,4650
110,4381
110,4650
111,4381
111,4640
111,4650
112,4381
112,4640
112,4650
113,4381
113,4640
113,4650
114,4381
114,4630
114,4650
115,4630
115,4640
115,4650
116,4630
116,4640
116,4650
117,4640
117,4650
118,4260
118,4640
118,4650
119,4381
119,4640
119,4650
120,4260
120,4640
120,4650
121,4260
121,4640
121,4650
122,4260
122,4640
122,4650
123,4260
123,4630
123,4640
123,4650
124,4260
124,4630
124,4640
124,4650
125,4260
125,4640
125,4650
126,4260
126,4640
126,4650
127,4260
127,4630
127,4640
127,4650
128,4260
128,4640
128,4650
129,4260
129,4640
129,4650
130,4260
130,4640
130,4650
131,4260
131,4640
131,4650
132,4260
132,4640
132,4650
133,4260
133,4640
133,4650
134,4260
134,4640
134,4650
135,4260
135,4640
135,4650
136,4260
136,4640
136,4650
137,4260
137,4640
137,4650
138,4260
138,4640
138,4650
139,4260
139,4640
140,4260
140,4640
141,4260
141,4640
142,4260
142,4640
143,4260
143,4640
143,4650
144,4260
144,4570
144,4640
144,4650
144,4680
145,4260
145,4570
145,4640
145,4650
145,4680
146,4260
146,4640
146,4650
146,4680
147,4260
147,4570
147,4640
147,4650
147,4680
148,4260
148,4640
148,4650
148,4680
149,4260
149,4640
149,4650
149,4680
150,4260
150,4640
150,4650
150,4680
151,4260
151,4640
151,4650
152,4260
152,4640
152,4650
152,4680
153,4260
153,4640
153,4650
153,4680
154,4260
154,4640
154,4650
154,4680
155,4260
155,4570
155,4640
155,4650
155,4680
156,4121
156,4260
156,4570
156,4640
156,4650
156,4680
157,4121
157,4260
157,4640
157,4650
157,4680
158,4121
158,4260
158,4640
158,4650
158,4680
159,4260
159,4630
159,4640
159,4650
159,4680
160,4260
160,4630
160,4640
160,4650
160,4680
161,4260
161,4630
161,4640
161,4650
162,4022
162,4260
162,4630
162,4640
162,4650
163,4260
163,4630
163,4640
163,4650
163,4680
164,4121
164,4260
164,4630
164,4640
164,4650
164,4680
165,4022
165,4121
165,4260
165,4630
165,4640
165,4650
165,4680
166,4121
166,4260
166,4630
166,4640
166,4650
166,4680
167,4022
167,4121
167,4260
167,4630
167,4640
167,4650
167,4680
168,4121
168,4260
168,4630
168,4640
168,4650
168,4680
169,4121
169,4260
169,4630
169,4640
169,4650
169,4680
170,4121
170,4260
170,4640
170,4650
170,4680
171,4121
171,4260
171,4640
171,4650
171,4680
172,4022
172,4052
172,4121
172,4260
172,4530
172,4531
172,4630
172,4640
172,4650
172,4680
173,4022
173,4260
173,4381
173,4630
173,4640
173,4650
174,4022
174,4100
174,4121
174,4260
174,4530
174,4531
174,4590
174,4630
174,4640
174,4650
174,4680
175,4022
175,4052
175,4121
175,4260
175,4530
175,4531
175,4630
175,4640
175,4680
176,4022
176,4052
176,4121
176,4140
176,4260
176,4530
176,4531
176,4630
176,4640
176,4680
177,4022
177,4052
177,4121
177,4140
177,4260
177,4460
177,4530
177,4531
177,4630
177,4640
177,4680
178,4022
178,4052
178,4113
178,4121
178,4242
178,4260
178,4460
178,4530
178,4531
178,4640
178,4680
179,4052
179,4113
179,4121
179,4242
179,4260
179,4460
179,4530
179,4531
179,4640
179,4680
180,4052
180,4055
180,4113
180,4121
180,4242
180,4260
180,4460
180,4530
180,4531
180,4580
180,4640
180,4680
181,4022
181,4052
181,4055
181,4113
181,4121
181,4140
181,4242
181,4260
181,4460
181,4530
181,4531
181,4580
181,4640
181,4680
182,4022
182,4052
182,4055
182,4113
182,4121
182,4140
182,4242
182,4350
182,4460
182,4530
182,4531
182,4580
182,4680
183,4052
183,4055
183,4121
183,4140
183,4242
183,4250
183,4350
183,4460
183,4530
183,4531
183,4580
183,4680
184,4052
184,4055
184,4121
184,4140
184,4242
184,4250
184,4350
184,4460
184,4530
184,4531
184,4580
184,4680
185,4022
185,4052
185,4055
185,4100
185,4121
185,4140
185,4242
185,4350
185,4460
185,4530
185,4531
185,4680
186,4022
186,4052
186,4055
186,4100
186,4121
186,4140
186,4260
186,4350
186,4460
186,4530
186,4531
186,4630
186,4640
186,4680
187,4022
187,4052
187,4100
187,4121
187,4140
187,4530
187,4531
187,4630
188,4022
188,4052
188,4100
188,4121
188,4140
188,4350
188,4460
188,4530
188,4531
189,4022
189,4052
189,4100
189,4121
189,4140
189,4350
189,4530
189,4531
189,4630
190,4022
190,4100
190,4121
190,4140
190,4530
190,4531
190,4590
190,4630
191,4022
191,4100
191,4121
191,4140
191,4530
191,4531
191,4630
191,4640
191,4680
192,4022
192,4100
192,4121
192,4140
192,4530
192,4531
192,4590
192,4630
193,4022
193,4100
193,4121
193,4530
193,4531
193,4590
193,4630
194,4022
194,4100
194,4121
194,4530
194,4531
194,4590
194,4630
194,4640
195,4022
195,4100
195,4121
195,4530
195,4531
195,4590
195,4630
195,4640
196,4022
196,4121
196,4530
196,4531
196,4590
196,4630
196,4640
196,4650
197,4022
197,4121
197,4531
197,4590
197,4630
197,4640
197,4650
198,4022
198,4590
198,4630
198,4640
198,4650
199,4022
199,4590
199,4630
199,4640
199,4650
200,4022
200,4590
200,4630
200,4640
200,4650
201,4022
201,4590
201,4630
201,4640
201,4650
202,4022
202,4590
202,4630
202,4640
202,4650
203,4022
203,4590
203,4630
203,4650
204,4022
204,4590
204,4630
204,4640
204,4650
205,4022
205,4590
205,4630
205,4650
206,4381
206,4590
206,4630
206,4650
207,4361
207,4381
207,4590
207,4592
207,4630
207,4650
208,4022
208,4590
208,4592
208,4630
209,4022
209,4590
209,4592
209,4630
210,4022
210,4590
210,4592
210,4630
210,4650
211,4022
211,4590
211,4630
211,4650
212,4022
212,4590
212,4592
212,4630
213,4022
213,4590
213,4592
213,4630
214,4022
214,4531
214,4590
214,4592
214,4630
214,4650
215,4022
215,4531
215,4590
215,4592
215,4630
215,4640
215,4650
216,4022
216,4100
216,4121
216,4530
216,4531
216,4590
216,4630
216,4640
216,4650
217,4022
217,4100
217,4121
217,4530
217,4531
217,4590
217,4592
217,4630
218,4022
218,4100
218,4121
218,4530
218,4531
218,4590
218,4630
219,4022
219,4100
219,4530
219,4531
219,4590
219,4592
219,4630
220,4022
220,4100
220,4530
220,4531
220,4590
220,4592
220,4630
221,4022
221,4590
221,4592
221,4630
222,4022
222,4590
222,4592
222,4630
223,4022
223,4590
223,4592
223,4630
224,4590
224,4592
225,4022
225,4590
225,4592
225,4630
226,4022
226,4590
226,4592
226,4630
227,4022
227,4590
227,4592
227,4630
228,4590
228,4592
229,4022
229,4100
229,4531
229,4590
229,4592
229,4630
230,4022
230,4100
230,4590
230,4592
230,4630
231,4022
231,4100
231,4590
231,4592
231,4630
232,4590
232,4592
233,4022
233,4100
233,4531
233,4590
233,4592
233,4630
234,4022
234,4100
234,4590
234,4592
234,4630
235,4022
235,4052
235,4100
235,4121
235,4140
235,4350
235,4530
235,4531
236,4022
236,4052
236,4055
236,4100
236,4121
236,4140
236,4350
236,4460
236,4530
236,4531
237,4022
237,4052
237,4055
237,4100
237,4121
237,4140
237,4350
237,4460
237,4530
237,4531
237,4680
238,4052
238,4055
238,4121
238,4140
238,4242
238,4250
238,4350
238,4460
238,4530
238,4531
238,4580
238,4680
239,4052
239,4055
239,4100
239,4121
239,4140
239,4250
239,4350
239,4460
239,4530
239,4531
240,4022
240,4052
240,4055
240,4100
240,4121
240,4140
240,4350
240,4460
240,4530
240,4531
241,4052
241,4055
241,4100
241,4121
241,4140
241,4250
241,4350
241,4460
241,4530
241,4531
242,4052
242,4055
242,4100
242,4121
242,4140
242,4250
242,4350
242,4460
242,4530
242,4531
243,4052
243,4055
243,4100
243,4121
243,4140
243,4250
243,4350
243,4460
243,4530
243,4531
244,4022
244,4052
244,4055
244,4100
244,4121
244,4140
244,4250
244,4350
244,4460
244,4530
244,4531
245,4022
245,4052
245,4100
245,4121
245,4140
245,4350
245,4530
245,4531
246,4052
246,4100
246,4121
246,4140
246,4350
246,4530
246,4531
247,4052
247,4055
247,4100
247,4121
247,4140
247,4250
247,4350
247,4460
247,4530
247,4531
248,4052
248,4055
248,4100
248,4140
248,4250
248,4350
248,4530
248,4531
249,4100
249,4140
249,4250
249,4350
249,4530
249,4531
250,4100
250,4140
250,4350
250,4530
250,4531
251,4100
251,4140
251,4350
251,4530
251,4531
252,4100
252,4140
252,4250
252,4350
252,4400
252,4530
252,4531
253,4100
253,4140
253,4250
253,4350
253,4390
253,4391
253,4400
253,4530
254,4052
254,4055
254,4100
254,4140
254,4250
254,4350
254,4391
254,4400
254,4530
254,4531
255,4052
255,4055
255,4100
255,4140
255,4250
255,4350
255,4391
255,4530
255,4531
256,4022
256,4100
256,4140
256,4530
256,4531
257,4052
257,4055
257,4100
257,4121
257,4140
257,4250
257,4350
257,4460
257,4530
257,4531
258,4052
258,4055
258,4121
258,4140
258,4242
258,4250
258,4350
258,4460
258,4530
258,4531
258,4580
258,4680
259,4052
259,4055
259,4121
259,4140
259,4242
259,4250
259,4350
259,4460
259,4530
259,4531
259,4580
259,4680
260,4052
260,4055
260,4113
260,4121
260,4140
260,4240
260,4242
260,4250
260,4350
260,4460
260,4530
260,4531
260,4580
260,4680
261,4052
261,4055
261,4113
261,4121
261,4140
261,4240
261,4242
261,4250
261,4350
261,4460
261,4530
261,4531
261,4580
261,4680
262,4052
262,4055
262,4113
262,4121
262,4140
262,4240
262,4242
262,4460
262,4530
262,4531
262,4580
262,4680
263,4052
263,4055
263,4113
263,4121
263,4140
263,4240
263,4242
263,4260
263,4460
263,4530
263,4531
263,4580
263,4680
264,4052
264,4055
264,4113
264,4121
264,4140
264,4240
264,4242
264,4250
264,4350
264,4460
264,4530
264,4531
264,4580
264,4680
265,4052
265,4055
265,4113
265,4121
265,4140
265,4240
265,4242
265,4250
265,4460
265,4530
265,4531
265,4580
265,4680
266,4052
266,4055
266,4113
266,4121
266,4240
266,4242
266,4260
266,4460
266,4530
266,4531
266,4580
266,4680
267,4052
267,4055
267,4113
267,4121
267,4240
267,4242
267,4260
267,4460
267,4530
267,4531
267,4580
267,4640
267,4680
268,4052
268,4113
268,4121
268,4242
268,4260
268,4460
268,4531
268,4580
268,4640
268,4680
269,4052
269,4113
269,4121
269,4242
269,4260
269,4460
269,4530
269,4531
269,4640
269,4680
270,4052
270,4113
270,4121
270,4242
270,4260
270,4570
270,4640
270,4680
271,4113
271,4121
271,4242
271,4260
271,4570
271,4640
271,4680
272,4052
272,4113
272,4121
272,4242
272,4260
272,4570
272,4640
272,4680
273,4113
273,4121
273,4260
273,4570
273,4640
273,4680
274,4113
274,4121
274,4242
274,4260
274,4570
274,4640
274,4680
275,4113
275,4121
275,4242
275,4260
275,4570
275,4640
275,4680
276,4052
276,4113
276,4121
276,4242
276,4260
276,4570
276,4640
276,4680
277,4052
277,4113
277,4121
277,4242
277,4260
277,4570
277,4640
277,4680
278,4052
278,4113
278,4121
278,4242
278,4260
278,4460
278,4570
278,4580
278,4640
278,4680
279,4052
279,4113
279,4121
279,4240
279,4242
279,4260
279,4460
279,4570
279,4580
279,4640
279,4680
280,4052
280,4113
280,4121
280,4240
280,4242
280,4260
280,4460
280,4570
280,4580
280,4640
280,4680
281,4052
281,4055
281,4113
281,4121
281,4240
281,4242
281,4260
281,4460
281,4570
281,4580
281,4640
281,4680
282,4052
282,4113
282,4121
282,4240
282,4242
282,4260
282,4270
282,4370
282,4460
282,4570
282,4580
282,4680
283,4113
283,4260
283,4570
283,4640
283,4680
284,4113
284,4260
284,4570
284,4640
284,4680
285,4113
285,4121
285,4242
285,4260
285,4570
285,4640
285,4680
286,4113
286,4121
286,4242
286,4260
286,4570
286,4640
286,4680
287,4052
287,4113
287,4121
287,4240
287,4242
287,4260
287,4570
287,4580
287,4640
287,4680
288,4052
288,4113
288,4121
288,4230
288,4231
288,4240
288,4242
288,4260
288,4270
288,4460
288,4570
288,4580
288,4640
288,4680
289,4113
289,4230
289,4231
289,4240
289,4242
289,4260
289,4270
289,4570
289,4640
289,4680
290,4113
290,4121
290,4230
290,4231
290,4240
290,4242
290,4260
290,4270
290,4370
290,4570
290,4580
290,4680
291,4113
291,4230
291,4231
291,4240
291,4242
291,4260
291,4270
291,4370
291,4570
291,4580
291,4680
292,4052
292,4113
292,4121
292,4230
292,4231
292,4240
292,4242
292,4260
292,4270
292,4370
292,4460
292,4570
292,4580
292,4680
293,4052
293,4113
293,4121
293,4230
293,4231
293,4240
293,4242
293,4270
293,4370
293,4460
293,4570
293,4580
293,4680
294,4052
294,4113
294,4121
294,4240
294,4242
294,4260
294,4270
294,4370
294,4460
294,4570
294,4580
294,4680
295,4052
295,4055
295,4113
295,4121
295,4240
295,4242
295,4260
295,4270
295,4370
295,4460
295,4570
295,4580
295,4680
296,4052
296,4055
296,4113
296,4121
296,4240
296,4242
296,4260
296,4460
296,4570
296,4580
296,4680
297,4052
297,4055
297,4113
297,4121
297,4240
297,4242
297,4370
297,4460
297,4570
297,4580
297,4680
298,4052
298,4055
298,4113
298,4121
298,4230
298,4231
298,4240
298,4242
298,4270
298,4370
298,4460
298,4570
298,4580
298,4680
299,4052
299,4113
299,4121
299,4240
299,4242
299,4270
299,4370
299,4460
299,4570
299,4580
299,4680
300,4052
300,4113
300,4121
300,4230
300,4231
300,4240
300,4242
300,4270
300,4272
300,4370
300,4460
300,4570
300,4580
300,4680
301,4052
301,4113
301,4230
301,4231
301,4240
301,4242
301,4270
301,4272
301,4370
301,4460
301,4570
301,4580
301,4680
302,4113
302,4230
302,4231
302,4240
302,4242
302,4270
302,4272
302,4370
302,4460
302,4570
302,4580
302,4680
303,4113
303,4230
303,4231
303,4240
303,4242
303,4270
303,4272
303,4370
303,4570
303,4580
304,4052
304,4113
304,4230
304,4231
304,4240
304,4242
304,4270
304,4272
304,4370
304,4460
304,4570
304,4580
305,4052
305,4055
305,4113
305,4121
305,4230
305,4231
305,4240
305,4242
305,4270
305,4272
305,4370
305,4460
305,4570
305,4580
305,4680
306,4052
306,4055
306,4113
306,4230
306,4231
306,4240
306,4242
306,4270
306,4272
306,4370
306,4460
306,4570
306,4580
307,4052
307,4055
307,4113
307,4230
307,4231
307,4240
307,4242
307,4270
307,4272
307,4370
307,4460
307,4580
308,4052
308,4055
308,4113
308,4121
308,4240
308,4242
308,4270
308,4370
308,4460
308,4580
308,4680
309,4052
309,4055
309,4113
309,4121
309,4240
309,4242
309,4250
309,4370
309,4460
309,4580
309,4680
310,4052
310,4055
310,4113
310,4121
310,4240
310,4242
310,4250
310,4370
310,4460
310,4580
310,4680
311,4052
311,4055
311,4113
311,4121
311,4140
311,4240
311,4242
311,4250
311,4350
311,4370
311,4460
311,4530
311,4580
311,4680
312,4052
312,4055
312,4113
312,4240
312,4242
312,4270
312,4370
312,4460
312,4580
313,4052
313,4055
313,4113
313,4121
313,4240
313,4242
313,4250
313,4370
313,4460
313,4580
314,4052
314,4055
314,4113
314,4240
314,4242
314,4270
314,4370
314,4460
314,4580
315,4052
315,4055
315,4113
315,4240
315,4242
315,4250
315,4370
315,4460
315,4580
316,4052
316,4055
316,4113
316,4240
316,4242
316,4270
316,4272
316,4370
316,4460
316,4580
317,4052
317,4055
317,4113
317,4130
317,4240
317,4242
317,4250
317,4370
317,4460
317,4580
318,4052
318,4055
318,4113
318,4130
318,4240
318,4242
318,4250
318,4370
318,4460
318,4580
319,4052
319,4055
319,4084
319,4130
319,4240
319,4242
319,4250
319,4290
319,4291
319,4370
319,4460
319,4580
320,4052
320,4055
320,4084
320,4113
320,4130
320,4240
320,4242
320,4250
320,4370
320,4460
320,4580
321,4052
321,4055
321,4084
321,4113
321,4130
321,4240
321,4242
321,4250
321,4350
321,4370
321,4460
321,4580
322,4052
322,4055
322,4113
322,4121
322,4140
322,4240
322,4242
322,4250
322,4350
322,4370
322,4460
322,4580
323,4052
323,4055
323,4113
323,4121
323,4140
323,4240
323,4242
323,4250
323,4350
323,4370
323,4460
323,4580
324,4052
324,4055
324,4113
324,4121
324,4140
324,4240
324,4242
324,4250
324,4350
324,4460
324,4530
324,4531
324,4580
324,4680
325,4052
325,4055
325,4113
325,4121
325,4140
325,4240
325,4242
325,4250
325,4350
325,4460
325,4530
325,4531
325,4580
325,4680
326,4052
326,4055
326,4113
326,4121
326,4140
326,4240
326,4242
326,4250
326,4350
326,4460
326,4530
326,4580
327,4052
327,4055
327,4113
327,4121
327,4140
327,4240
327,4242
327,4250
327,4350
327,4460
327,4530
327,4531
327,4580
327,4680
328,4052
328,4055
328,4084
328,4130
328,4140
328,4240
328,4242
328,4250
328,4350
328,4460
328,4580
329,4052
329,4055
329,4084
329,4130
329,4140
329,4240
329,4242
329,4250
329,4350
329,4460
329,4580
330,4052
330,4055
330,4084
330,4130
330,4240
330,4242
330,4250
330,4290
330,4291
330,4350
330,4460
330,4580
331,4052
331,4055
331,4121
331,4140
331,4242
331,4250
331,4350
331,4460
331,4530
331,4531
331,4580
332,4052
332,4055
332,4121
332,4140
332,4250
332,4350
332,4460
332,4530
332,4531
332,4580
333,4052
333,4055
333,4084
333,4121
333,4130
333,4140
333,4242
333,4250
333,4350
333,4460
333,4530
333,4580
334,4052
334,4055
334,4084
334,4140
334,4250
334,4350
334,4391
334,4460
334,4530
334,4531
335,4052
335,4055
335,4084
335,4130
335,4140
335,4250
335,4350
335,4391
335,4460
335,4530
336,4052
336,4055
336,4084
336,4130
336,4140
336,4250
336,4290
336,4291
336,4350
336,4391
336,4460
336,4530
336,4580
337,4052
337,4055
337,4084
337,4130
337,4140
337,4250
337,4290
337,4291
337,4350
337,4391
337,4460
337,4580
338,4052
338,4055
338,4084
338,4140
338,4250
338,4350
338,4460
338,4530
338,4531
339,4052
339,4055
339,4084
339,4100
339,4140
339,4250
339,4350
339,4391
339,4460
339,4530
339,4531
340,4052
340,4055
340,4084
340,4130
340,4140
340,4250
340,4350
340,4391
340,4460
340,4530
341,4052
341,4055
341,4084
341,4130
341,4140
341,4250
341,4290
341,4291
341,4350
341,4391
341,4460
342,4052
342,4055
342,4084
342,4130
342,4140
342,4250
342,4290
342,4291
342,4350
342,4391
342,4460
343,4055
343,4084
343,4130
343,4140
343,4250
343,4290
343,4291
343,4350
343,4391
343,4460
344,4055
344,4084
344,4130
344,4250
344,4290
344,4291
344,4350
344,4391
345,4055
345,4084
345,4130
345,4140
345,4250
345,4290
345,4291
345,4350
345,4391
345,4400
346,4055
346,4084
346,4130
346,4140
346,4250
346,4350
346,4391
346,4400
346,4460
346,4530
347,4052
347,4055
347,4084
347,4140
347,4250
347,4350
347,4391
347,4400
347,4460
347,4530
348,4055
348,4084
348,4140
348,4250
348,4350
348,4391
348,4400
348,4530
349,4055
349,4084
349,4140
349,4250
349,4350
349,4391
349,4400
350,4084
350,4140
350,4250
350,4350
350,4391
350,4400
351,4084
351,4140
351,4250
351,4350
351,4390
351,4391
351,4400
352,4055
352,4084
352,4130
352,4140
352,4250
352,4290
352,4291
352,4350
352,4391
352,4400
353,4140
353,4350
353,4390
353,4391
353,4400
354,4084
354,4250
354,4350
354,4390
354,4391
354,4400
355,4084
355,4130
355,4250
355,4290
355,4291
355,4350
355,4390
355,4391
355,4400
356,4055
356,4084
356,4130
356,4140
356,4250
356,4290
356,4291
356,4350
356,4390
356,4391
356,4400
357,4055
357,4084
357,4130
357,4250
357,4290
357,4291
357,4350
357,4391
357,4400
358,4084
358,4130
358,4250
358,4290
358,4291
358,4350
358,4390
358,4391
358,4400
359,4084
359,4130
359,4250
359,4290
359,4291
359,4350
359,4390
359,4391
359,4400
360,4084
360,4130
360,4250
360,4290
360,4291
360,4350
360,4390
360,4391
360,4400
361,4084
361,4130
361,4250
361,4290
361,4291
361,4350
361,4390
361,4391
361,4400
362,4084
362,4130
362,4151
362,4250
362,4290
362,4291
362,4390
362,4391
362,4400
363,4084
363,4130
363,4250
363,4290
363,4291
363,4350
363,4390
363,4391
363,4400
364,4084
364,4250
364,4350
364,4390
364,4391
364,4400
365,4084
365,4130
365,4290
365,4291
365,4390
365,4391
365,4400
366,4084
366,4290
366,4291
366,4390
366,4391
366,4400
367,4084
367,4350
367,4390
367,4391
367,4400
368,4084
368,4350
368,4390
368,4391
368,4400
369,4350
369,4390
369,4391
369,4400
370,4350
370,4390
370,4391
370,4400
371,4390
371,4391
371,4400
372,4390
372,4391
372,4400
373,4390
373,4391
373,4400
374,4390
374,4391
374,4400
375,4390
375,4391
375,4400
376,4390
376,4391
376,4400
377,4390
377,4391
377,4400
378,4390
378,4391
378,4400
379,4390
379,4391
379,4400
380,4390
380,4391
380,4400
381,4390
381,4391
381,4400
382,4390
382,4391
382,4400
383,4390
383,4391
383,4400
384,4390
384,4391
384,4400
385,4390
385,4400
386,4390
386,4400
387,4151
387,4390
388,4151
388,4390
388,4391
389,4151
389,4390
389,4391
389,4400
390,4151
390,4390
390,4391
390,4400
391,4151
391,4390
391,4391
391,4400
392,4084
392,4151
392,4390
392,4391
392,4400
393,4084
393,4151
393,4290
393,4291
393,4390
393,4391
393,4400
394,4084
394,4151
394,4290
394,4291
394,4390
394,4391
394,4400
395,4084
395,4151
395,4290
395,4291
395,4390
395,4391
395,4400
396,4084
396,4130
396,4290
396,4291
396,4390
396,4391
396,4400
397,4084
397,4130
397,4151
397,4290
397,4291
397,4390
397,4391
397,4400
398,4084
398,4130
398,4151
398,4290
398,4291
398,4390
398,4391
399,4084
399,4130
399,4151
399,4290
399,4291
399,4390
399,4391
400,4084
400,4130
400,4151
400,4290
400,4291
400,4390
400,4391
401,4084
401,4130
401,4151
401,4290
401,4291
401,4390
401,4391
401,4400
402,4084
402,4130
402,4151
402,4290
402,4291
402,4390
402,4391
402,4400
403,4151
403,4290
403,4291
403,4390
403,4391
404,4151
404,4390
405,4151
406,4151
406,4440
407,4151
407,4440
408,4151
408,4440
409,4151
409,4440
409,4600
410,4151
410,4440
410,4600
411,4151
411,4440
411,4600
412,4151
412,4290
412,4291
412,4440
412,4600
413,4151
413,4290
413,4291
413,4440
413,4600
414,4151
414,4440
415,4151
415,4290
415,4291
415,4390
415,4440
416,4151
416,4290
416,4291
416,4390
416,4391
416,4440
416,4600
417,4084
417,4130
417,4151
417,4290
417,4291
417,4390
417,4391
417,4600
418,4084
418,4151
418,4290
418,4291
418,4440
418,4600
419,4151
419,4290
419,4291
419,4440
419,4600
420,4070
420,4151
420,4290
420,4291
420,4440
420,4600
420,4690
421,4070
421,4151
421,4290
421,4291
421,4440
421,4600
421,4690
422,4070
422,4151
422,4440
422,4600
422,4690
423,4070
423,4151
423,4440
423,4600
423,4690
424,4070
424,4151
424,4440
424,4600
424,4690
425,4070
425,4151
425,4440
425,4600
425,4690
426,4070
426,4151
426,4440
426,4600
426,4690
427,4070
427,4151
427,4210
427,4290
427,4291
427,4440
427,4600
427,4690
428,4151
428,4210
428,4290
428,4291
428,4440
428,4600
428,4690
429,4084
429,4130
429,4151
429,4210
429,4290
429,4291
429,4440
429,4600
429,4690
430,4084
430,4130
430,4151
430,4210
430,4290
430,4291
430,4440
430,4600
430,4690
431,4084
431,4130
431,4151
431,4210
431,4290
431,4291
431,4600
432,4084
432,4130
432,4151
432,4290
432,4291
432,4391
432,4600
433,4084
433,4130
433,4151
433,4290
433,4291
433,4440
433,4600
434,4084
434,4130
434,4151
434,4290
434,4291
434,4391
434,4440
434,4600
435,4084
435,4130
435,4151
435,4290
435,4291
435,4390
435,4391
435,4600
436,4084
436,4130
436,4151
436,4290
436,4291
436,4390
436,4391
437,4084
437,4130
437,4151
437,4290
437,4291
437,4390
437,4391
437,4600
438,4084
438,4130
438,4151
438,4250
438,4290
438,4291
438,4391
438,4600
439,4084
439,4130
439,4151
439,4250
439,4290
439,4291
439,4391
439,4600
440,4084
440,4130
440,4151
440,4210
440,4250
440,4290
440,4291
440,4391
440,4600
441,4084
441,4130
441,4250
441,4290
441,4291
441,4391
441,4600
442,4084
442,4130
442,4151
442,4250
442,4290
442,4291
442,4391
442,4600
443,4084
443,4130
443,4250
443,4290
443,4291
443,4391
444,4084
444,4130
444,4250
444,4290
444,4291
444,4600
445,4055
445,4084
445,4130
445,4250
445,4290
445,4291
445,4391
446,4055
446,4084
446,4130
446,4250
446,4290
446,4291
446,4350
446,4391
447,4084
447,4130
447,4250
447,4290
447,4291
447,4391
448,4084
448,4130
448,4250
448,4290
448,4291
448,4391
449,4084
449,4130
449,4151
449,4250
449,4290
449,4291
449,4391
450,4084
450,4130
450,4151
450,4250
450,4290
450,4291
450,4390
450,4391
451,4084
451,4130
451,4250
451,4290
451,4291
451,4391
452,4084
452,4130
452,4250
452,4290
452,4291
452,4350
452,4391
453,4055
453,4084
453,4130
453,4250
453,4290
453,4291
453,4350
453,4391
454,4055
454,4084
454,4130
454,4250
454,4290
454,4291
454,4350
454,4391
455,4055
455,4084
455,4130
455,4250
455,4290
455,4291
455,4350
455,4391
455,4460
456,4055
456,4084
456,4130
456,4250
456,4290
456,4291
456,4350
456,4460
456,4580
457,4055
457,4084
457,4130
457,4250
457,4290
457,4291
457,4580
458,4055
458,4084
458,4130
458,4240
458,4250
458,4290
458,4291
458,4460
458,4580
459,4052
459,4055
459,4084
459,4130
459,4240
459,4250
459,4290
459,4291
459,4350
459,4460
459,4580
460,4052
460,4055
460,4084
460,4130
460,4240
460,4250
460,4290
460,4291
460,4350
460,4460
460,4580
461,4052
461,4055
461,4084
461,4130
461,4250
461,4290
461,4291
461,4350
461,4391
461,4460
461,4580
462,4052
462,4055
462,4084
462,4130
462,4140
462,4250
462,4290
462,4291
462,4350
462,4391
462,4460
463,4084
463,4130
463,4210
463,4290
463,4291
463,4600
464,4084
464,4130
464,4151
464,4210
464,4290
464,4291
464,4600
465,4084
465,4130
465,4151
465,4210
465,4290
465,4291
465,4440
465,4600
465,4690
466,4151
466,4210
466,4290
466,4291
466,4440
466,4600
466,4690
467,4210
467,4290
467,4291
467,4440
467,4561
467,4600
467,4690
468,4070
468,4151
468,4210
468,4440
468,4561
468,4600
468,4690
469,4070
469,4151
469,4210
469,4440
469,4600
469,4690
470,4070
470,4210
470,4440
470,4561
470,4600
470,4690
471,4070
471,4190
471,4210
471,4440
471,4561
471,4600
471,4690
472,4070
472,4151
472,4190
472,4210
472,4440
472,4600
472,4690
473,4070
473,4080
473,4190
473,4210
473,4440
473,4561
473,4600
473,4690
474,4070
474,4190
474,4210
474,4440
474,4600
474,4690
475,4070
475,4190
475,4440
475,4600
475,4690
476,4070
476,4151
476,4440
476,4600
476,4690
477,4070
477,4080
477,4190
477,4210
477,4440
477,4561
477,4600
477,4690
478,4070
478,4080
478,4190
478,4210
478,4440
478,4561
478,4600
478,4690
479,4070
479,4190
479,4440
479,4600
479,4690
480,4070
480,4190
480,4440
480,4600
480,4690
481,4070
481,4190
481,4440
481,4600
481,4690
482,4070
482,4190
482,4440
482,4690
483,4070
483,4190
483,4440
483,4690
484,4070
484,4190
484,4200
484,4440
484,4690
485,4070
485,4190
485,4440
485,4690
486,4070
486,4190
486,4440
486,4690
487,4070
487,4190
487,4440
487,4690
488,4070
488,4190
488,4200
488,4440
488,4690
489,4070
489,4080
489,4190
489,4440
489,4690
490,4070
490,4080
490,4190
490,4210
490,4560
490,4561
490,4690
491,4070
491,4080
491,4190
491,4200
491,4440
491,4561
491,4690
492,4070
492,4080
492,4190
492,4200
492,4690
493,4070
493,4080
493,4190
493,4200
493,4201
493,4690
494,4070
494,4080
494,4190
494,4200
494,4201
495,4070
495,4080
495,4081
495,4190
495,4200
495,4201
495,4690
496,4070
496,4080
496,4081
496,4190
496,4200
496,4690
497,4070
497,4080
497,4081
497,4190
497,4200
497,4561
497,4690
498,4070
498,4080
498,4081
498,4190
498,4200
498,4210
498,4560
498,4561
498,4690
499,4070
499,4080
499,4081
499,4190
499,4210
499,4560
499,4561
499,4690
500,4070
500,4080
500,4081
500,4190
500,4210
500,4560
500,4561
500,4600
500,4661
500,4690
501,4070
501,4080
501,4081
501,4190
501,4210
501,4560
501,4561
501,4661
501,4690
502,4080
502,4081
502,4210
502,4560
502,4561
502,4661
502,4690
503,4080
503,4210
503,4560
503,4561
503,4600
503,4661
503,4690
504,4080
504,4210
504,4560
504,4561
504,4600
504,4661
504,4690
505,4210
505,4560
505,4561
505,4661
506,4210
506,4285
506,4560
506,4561
506,4600
506,4661
506,4690
507,4080
507,4081
507,4210
507,4560
507,4561
507,4661
508,4210
508,4285
508,4311
508,4560
508,4561
508,4661
509,4210
509,4285
509,4311
509,4560
509,4561
509,4661
510,4210
510,4285
510,4311
510,4561
510,4661
511,4070
511,4190
511,4193
511,4200
512,4070
512,4190
512,4193
512,4200
512,4201
513,4070
513,4190
513,4193
513,4200
513,4201
514,4190
514,4193
514,4200
514,4201
515,4193
515,4200
515,4201
516,4190
516,4193
516,4200
516,4201
517,4193
517,4200
517,4201
518,4193
518,4200
518,4201
519,4070
519,4080
519,4190
519,4193
519,4200
519,4201
520,4190
520,4193
520,4200
520,4201
521,4190
521,4193
521,4200
521,4201
522,4190
522,4193
522,4200
522,4201
523,4193
523,4200
523,4201
524,4193
524,4200
524,4201
525,4193
525,4200
525,4201
526,4193
527,4193
527,4201
528,4193
528,4201
529,4193
529,4201
530,4193
530,4201
531,4193
531,4201
532,4193
532,4201
533,4030
533,4193
533,4200
533,4201
534,4030
534,4193
534,4200
534,4201
535,4030
535,4193
535,4200
535,4201
536,4030
536,4200
536,4201
537,4030
537,4200
537,4201
538,4030
538,4190
538,4193
538,4200
538,4201
539,4030
539,4193
539,4200
539,4201
540,4030
540,4193
540,4200
540,4201
541,4030
541,4190
541,4193
541,4200
541,4201
542,4030
542,4190
542,4193
542,4200
542,4201
543,4030
543,4190
543,4193
543,4200
543,4201
544,4030
544,4080
544,4081
544,4190
544,4193
544,4200
544,4201
545,4030
545,4080
545,4081
545,4082
545,4190
545,4200
545,4201
546,4030
546,4070
546,4080
546,4081
546,4190
546,4200
546,4201
547,4030
547,4080
547,4081
547,4082
547,4190
547,4200
547,4201
547,4560
548,4030
548,4080
548,4081
548,4082
548,4190
548,4200
548,4560
549,4030
549,4031
550,4030
550,4080
550,4081
550,4082
550,4190
550,4200
550,4560
551,4080
551,4081
551,4082
551,4190
551,4560
551,4561
552,4080
552,4081
552,4082
552,4190
552,4560
552,4561
553,4080
553,4081
553,4082
553,4190
553,4200
553,4560
553,4561
553,4690
554,4070
554,4080
554,4081
554,4190
554,4200
554,4560
554,4561
554,4690
555,4070
555,4080
555,4081
555,4082
555,4190
555,4200
555,4560
555,4561
555,4690
556,4070
556,4080
556,4081
556,4082
556,4190
556,4210
556,4560
556,4561
556,4661
556,4690
557,4080
557,4081
557,4082
557,4190
557,4560
557,4561
558,4080
558,4081
558,4082
558,4210
558,4560
558,4561
558,4661
559,4080
559,4081
559,4082
559,4560
559,4561
560,4080
560,4081
560,4082
560,4210
560,4560
560,4561
560,4661
561,4080
561,4081
561,4082
561,4210
561,4560
561,4561
561,4661
561,4690
562,4080
562,4081
562,4082
562,4210
562,4560
562,4561
562,4661
563,4080
563,4081
563,4082
563,4210
563,4311
563,4560
563,4561
563,4661
564,4210
564,4285
564,4311
564,4560
564,4561
564,4661
565,4130
565,4210
565,4285
565,4290
565,4291
565,4440
565,4560
565,4561
565,4600
565,4661
565,4690
566,4055
566,4084
566,4130
566,4210
566,4240
566,4242
566,4250
566,4285
566,4290
566,4291
566,4370
566,4460
566,4580
566,4600
566,4661
567,4130
567,4210
567,4240
567,4270
567,4272
567,4285
567,4370
567,4580
567,4661
568,4055
568,4113
568,4130
568,4240
568,4242
568,4250
568,4270
568,4272
568,4285
568,4370
568,4460
568,4580
569,4210
569,4272
569,4285
569,4311
569,4370
569,4661
570,4240
570,4270
570,4272
570,4285
570,4370
570,4580
570,4661
571,4240
571,4242
571,4270
571,4272
571,4285
571,4370
571,4580
572,4055
572,4113
572,4230
572,4231
572,4240
572,4242
572,4270
572,4272
572,4285
572,4370
572,4460
572,4580
573,4240
573,4270
573,4272
573,4285
573,4370
573,4661
574,4230
574,4231
574,4240
574,4242
574,4270
574,4272
574,4285
574,4370
574,4580
575,4113
575,4230
575,4231
575,4240
575,4242
575,4270
575,4272
575,4285
575,4370
575,4580
576,4113
576,4230
576,4231
576,4240
576,4242
576,4270
576,4272
576,4285
576,4370
576,4580
577,4113
577,4230
577,4231
577,4240
577,4242
577,4270
577,4272
577,4285
577,4370
577,4570
577,4580
578,4113
578,4230
578,4231
578,4240
578,4242
578,4270
578,4272
578,4285
578,4370
578,4570
578,4580
579,4113
579,4230
579,4231
579,4240
579,4242
579,4270
579,4272
579,4285
579,4370
579,4570
579,4580
580,4113
580,4230
580,4231
580,4240
580,4242
580,4270
580,4272
580,4370
580,4570
580,4580
581,4113
581,4230
581,4231
581,4240
581,4242
581,4270
581,4272
581,4370
581,4570
581,4580
582,4113
582,4230
582,4231
582,4240
582,4242
582,4270
582,4272
582,4370
582,4570
582,4580
583,4113
583,4230
583,4231
583,4240
583,4242
583,4270
583,4272
583,4370
583,4570
584,4113
584,4230
584,4231
584,4240
584,4242
584,4270
584,4272
584,4370
584,4570
584,4580
585,4113
585,4230
585,4231
585,4240
585,4242
585,4270
585,4272
585,4370
585,4570
585,4580
586,4113
586,4230
586,4231
586,4240
586,4242
586,4270
586,4272
586,4370
586,4570
586,4580
586,4680
587,4113
587,4230
587,4231
587,4240
587,4242
587,4270
587,4370
587,4570
587,4680
588,4113
588,4230
588,4231
588,4242
588,4260
588,4270
588,4570
588,4680
589,4113
589,4230
589,4231
589,4242
589,4260
589,4570
589,4680
590,4113
590,4230
590,4231
590,4260
590,4570
590,4640
590,4680
591,4260
591,4570
591,4640
592,4230
592,4231
592,4260
592,4570
593,4113
593,4230
593,4231
593,4260
593,4270
593,4570
594,4260
594,4570
594,4640
594,4680
595,4113
595,4260
595,4570
595,4640
595,4680
596,4260
597,4260
597,4570
597,4640
597,4680
598,4260
598,4640
599,4260
600,4113
600,4230
600,4231
600,4260
600,4570
600,4680
601,4113
601,4230
601,4231
601,4242
601,4270
601,4570
601,4680
602,4113
602,4230
602,4231
602,4260
602,4270
602,4570
603,4113
603,4230
603,4231
603,4260
603,4270
603,4272
603,4370
603,4570
604,4113
604,4230
604,4231
604,4260
604,4270
604,4272
604,4370
604,4570
605,4113
605,4230
605,4231
605,4260
605,4270
605,4272
605,4570
606,4113
606,4230
606,4231
606,4270
606,4272
606,4370
606,4570
607,4113
607,4230
607,4231
607,4240
607,4270
607,4272
607,4370
607,4570
608,4230
608,4231
608,4270
608,4272
608,4370
608,4570
609,4113
609,4230
609,4231
609,4240
609,4270
609,4272
609,4370
609,4570
610,4230
610,4231
610,4270
610,4272
610,4285
610,4370
611,4113
611,4230
611,4231
611,4260
611,4270
611,4272
611,4570
612,4113
612,4230
612,4231
612,4260
612,4270
612,4570
613,4230
613,4231
613,4260
613,4270
613,4570
614,4230
614,4231
614,4260
614,4570
615,4113
615,4230
615,4231
615,4260
615,4570
616,4113
616,4230
616,4231
616,4260
616,4270
616,4570
617,4113
617,4230
617,4231
617,4260
617,4570
617,4680
618,4113
618,4260
618,4570
618,4640
618,4680
619,4260
619,4570
619,4640
619,4680
620,4260
620,4570
620,4640
621,4260
621,4640
622,4260
623,4260
623,4570
624,4260
624,4570
625,4260
625,4570
626,4260
626,4570
627,4260
627,4570
628,4260
628,4570
629,4260
629,4570
630,4260
630,4570
631,4260
632,4260
633,4230
633,4231
633,4270
633,4272
633,4285
633,4311
633,4370
634,4230
634,4231
634,4270
634,4272
634,4285
634,4370
635,4230
635,4231
635,4270
635,4272
635,4285
635,4370
636,4113
636,4230
636,4231
636,4240
636,4270
636,4272
636,4285
636,4370
637,4230
637,4231
637,4240
637,4270
637,4272
637,4285
637,4370
638,4113
638,4230
638,4231
638,4240
638,4242
638,4270
638,4272
638,4285
638,4370
638,4580
639,4230
639,4231
639,4240
639,4270
639,4272
639,4285
639,4311
639,4370
640,4113
640,4230
640,4231
640,4240
640,4242
640,4270
640,4272
640,4285
640,4370
640,4580
641,4230
641,4231
641,4270
641,4272
641,4285
641,4311
641,4370
642,4230
642,4231
642,4270
642,4272
642,4285
642,4311
642,4370
643,4270
643,4272
643,4285
643,4311
643,4370
644,4270
644,4272
644,4285
644,4311
644,4370
644,4661
645,4240
645,4270
645,4272
645,4285
645,4311
645,4370
646,4270
646,4272
646,4285
646,4311
646,4370
646,4661
647,4240
647,4270
647,4272
647,4285
647,4311
647,4370
647,4661
648,4272
648,4285
648,4311
648,4370
648,4661
649,4270
649,4272
649,4285
649,4311
649,4370
649,4661
650,4272
650,4285
650,4311
650,4661
651,4272
651,4285
651,4311
651,4370
651,4661
652,4210
652,4272
652,4285
652,4311
652,4560
652,4561
652,4661
653,4230
653,4231
653,4270
653,4272
653,4285
653,4311
653,4661
654,4272
654,4285
654,4311
655,4272
655,4285
655,4311
655,4661
656,4031
656,4285
656,4311
656,4661
657,4285
657,4311
657,4560
657,4661
658,4031
658,4285
658,4311
658,4560
658,4661
659,4031
659,4082
659,4311
659,4331
659,4560
660,4031
660,4082
660,4311
660,4560
660,4661
661,4031
661,4080
661,4081
661,4082
661,4560
661,4561
661,4661
662,4081
662,4082
662,4311
662,4560
662,4561
662,4661
663,4031
663,4081
663,4082
663,4311
663,4560
663,4561
663,4661
664,4210
664,4311
664,4560
664,4561
664,4661
665,4210
665,4285
665,4311
665,4560
665,4561
665,4661
666,4285
666,4311
666,4560
666,4561
666,4661
667,4080
667,4081
667,4082
667,4560
667,4561
667,4661
668,4080
668,4081
668,4082
668,4560
668,4561
669,4031
669,4311
670,4031
670,4082
670,4311
670,4560
670,4561
670,4661
671,4081
671,4082
671,4210
671,4285
671,4311
671,4560
671,4561
671,4661
672,4031
672,4080
672,4081
672,4082
672,4560
672,4561
672,4661
673,4031
673,4081
673,4082
673,4311
673,4560
673,4561
673,4661
674,4031
674,4081
674,4082
674,4560
674,4561
675,4031
675,4080
675,4081
675,4082
675,4331
675,4560
675,4561
676,4031
676,4081
676,4082
676,4331
676,4560
677,4031
677,4081
677,4082
677,4311
677,4331
677,4560
678,4031
678,4082
678,4331
678,4560
679,4031
679,4080
679,4081
679,4082
679,4560
679,4561
679,4661
680,4080
680,4081
680,4082
680,4560
680,4561
680,4661
681,4031
681,4080
681,4081
681,4082
681,4331
681,4560
681,4561
682,4031
682,4080
682,4081
682,4082
682,4331
682,4560
683,4031
683,4080
683,4081
683,4082
683,4331
683,4560
684,4031
684,4080
684,4081
684,4082
684,4331
684,4560
685,4080
685,4081
685,4082
685,4331
685,4560
686,4031
686,4080
686,4081
686,4082
686,4331
686,4560
687,4031
687,4080
687,4081
687,4082
687,4331
687,4560
688,4031
688,4082
688,4311
688,4331
689,4031
689,4082
689,4331
690,4031
690,4081
690,4082
690,4331
691,4031
691,4081
691,4082
691,4331
692,4031
692,4082
692,4331
693,4031
693,4082
693,4331
694,4031
694,4331
695,4031
695,4082
695,4331
696,4031
696,4082
696,4331
697,4031
697,4081
697,4082
697,4331
698,4031
698,4080
698,4081
698,4082
698,4331
699,4030
699,4031
699,4080
699,4081
699,4082
699,4331
700,4031
700,4080
700,4081
700,4082
700,4331
701,4031
701,4080
701,4081
701,4082
701,4331
702,4031
702,4081
702,4082
702,4331
703,4031
703,4081
703,4082
703,4331
704,4030
704,4031
704,4080
704,4081
704,4082
704,4331
705,4030
705,4031
705,4080
705,4081
705,4082
705,4331
706,4030
706,4031
706,4080
706,4081
706,4082
706,4331
707,4030
707,4031
707,4081
707,4082
707,4331
708,4030
708,4031
708,4081
708,4082
708,4331
709,4030
709,4031
709,4081
709,4082
709,4331
710,4030
710,4031
710,4082
710,4331
711,4030
711,4031
711,4331
712,4030
712,4031
713,4030
713,4031
714,4030
714,4031
715,4030
715,4031
716,4030
716,4031
716,4331
717,4030
717,4031
717,4331
718,4030
718,4031
718,4331
719,4030
719,4031
719,4331
720,4031
720,4082
720,4331
721,4030
721,4031
721,4331
722,4030
722,4031
722,4331
723,4030
723,4031
723,4331
724,4030
724,4031
725,4031
725,4331
726,4031
726,4331
727,4031
727,4331
728,4031
728,4331
729,4031
729,4331
730,4031
730,4331
731,4031
731,4331
732,4031
732,4082
732,4331
733,4031
733,4331
734,4031
734,4082
734,4331
735,4031
735,4082
735,4331
736,4031
736,4082
736,4331
737,4031
737,4331
738,4031
738,4331
739,4031
739,4331
740,4031
740,4331
741,4031
741,4331
742,4031
742,4331
743,4031
743,4331
744,4031
744,4331
745,4031
745,4331
746,4031
746,4331
747,4031
747,4331
748,4031
748,4331
749,4171
749,4173
749,4178
749,4621
750,4171
750,4173
750,4178
750,4621
751,4171
751,4173
751,4178
752,4171
752,4173
752,4178
753,4171
753,4173
753,4178
754,4171
754,4173
754,4178
755,4171
755,4173
755,4178
756,4171
756,4173
756,4178
757,4171
757,4173
757,4178
758,4171
758,4173
758,4178
759,4171
759,4173
759,4178
760,4171
760,4173
760,4178
761,4171
761,4173
761,4178
761,4621
762,4171
762,4173
762,4178
762,4621
763,4171
763,4173
763,4178
763,4620
763,4621
764,4171
764,4173
764,4178
764,4620
764,4621
765,4171
765,4173
765,4178
766,4171
766,4173
766,4178
766,4620
767,4160
767,4171
767,4173
767,4178
767,4620
768,4160
768,4171
768,4173
768,4178
768,4620
768,4621
769,4160
769,4171
769,4173
769,4178
769,4620
769,4621
770,4171
770,4173
770,4178
770,4620
770,4621
771,4171
771,4173
771,4178
771,4620
771,4621
772,4171
772,4173
772,4178
772,4620
772,4621
773,4171
773,4173
773,4178
773,4621
774,4171
774,4173
774,4178
774,4621
775,4171
775,4173
775,4178
775,4620
775,4621
776,4171
776,4173
776,4178
776,4620
776,4621
777,4171
777,4173
777,4178
777,4620
777,4621
778,4171
778,4173
778,4178
778,4620
778,4621
779,4160
779,4171
779,4173
779,4178
779,4620
779,4621
780,4160
780,4171
780,4173
780,4178
780,4620
780,4621
781,4160
781,4171
781,4173
781,4178
781,4620
781,4621
782,4160
782,4171
782,4173
782,4178
782,4620
782,4621
783,4160
783,4171
783,4173
783,4178
783,4620
783,4621
784,4160
784,4171
784,4173
784,4178
784,4620
784,4621
785,4171
785,4173
785,4178
785,4620
785,4621
786,4171
786,4173
786,4178
786,4620
786,4621
787,4173
787,4178
787,4620
787,4621
788,4171
788,4173
788,4178
788,4620
788,4621
789,4171
789,4173
789,4178
789,4621
790,4173
790,4178
790,4621
791,4173
791,4178
791,4620
791,4621
792,4160
792,4173
792,4178
792,4620
792,4621
793,4160
793,4173
793,4620
793,4621
794,4160
794,4173
794,4620
794,4621
795,4160
795,4173
795,4620
795,4621
796,4160
796,4620
796,4621
797,4160
797,4260
797,4620
798,4160
798,4620
798,4621
799,4160
799,4620
799,4621
800,4160
800,4620
800,4621
801,4160
801,4620
801,4621
802,4160
802,4173
802,4620
802,4621
803,4160
803,4173
803,4620
803,4621
804,4160
804,4171
804,4173
804,4178
804,4620
804,4621
805,4160
805,4171
805,4173
805,4620
805,4621
806,4160
806,4171
806,4173
806,4620
807,4160
807,4620
808,4160
808,4171
808,4173
808,4620
808,4621
809,4160
809,4620
809,4621
810,4160
810,4620
811,4160
811,4620
812,4160
812,4620
813,4160
813,4620
814,4160
814,4620
815,4160
815,4620
815,4621
816,4160
816,4620
816,4621
817,4084
817,4130
817,4151
817,4290
817,4291
817,4390
817,4391
817,4400
818,4070
818,4080
818,4190
818,4210
818,4440
818,4560
818,4561
818,4600
818,4661
818,4690
819,4350
819,4390
819,4391
819,4400
820,4160
820,4260
820,4620
820,4621
821,4030
821,4031
822,4030
822,4031
823,4052
823,4055
823,4100
823,4121
823,4140
823,4250
823,4350
823,4460
823,4530
823,4531
824,4322
824,4360
824,4361
824,4450
824,4541
824,4543
825,4030
825,4031
825,4080
825,4081
825,4082
825,4190
825,4200
825,4201
825,4331
826,4030
826,4031
826,4200
826,4201
827,4193
827,4200
827,4201
828,4080
828,4081
828,4082
828,4190
828,4200
828,4560
829,4070
829,4151
829,4440
829,4600
829,4690
830,4151
830,4390
830,4391
830,4400
831,4130
831,4151
831,4210
831,4290
831,4291
831,4440
831,4600
831,4690
832,4151
832,4210
832,4290
832,4291
832,4440
832,4600
832,4690
833,4130
833,4151
833,4210
833,4290
833,4291
833,4440
833,4600
833,4690
834,4084
834,4130
834,4151
834,4290
834,4291
834,4440
834,4600
835,4055
835,4084
835,4130
835,4250
835,4290
835,4291
835,4391
836,4055
836,4084
836,4130
836,4250
836,4290
836,4291
836,4350
836,4391
836,4400
837,4055
837,4084
837,4130
837,4250
837,4290
837,4291
837,4350
837,4391
838,4052
838,4055
838,4084
838,4130
838,4240
838,4242
838,4250
838,4290
838,4291
838,4370
838,4460
838,4580
839,4052
839,4055
839,4084
839,4130
839,4140
839,4240
839,4242
839,4250
839,4290
839,4291
839,4350
839,4460
839,4580
840,4052
840,4055
840,4084
840,4121
840,4130
840,4140
840,4240
840,4242
840,4250
840,4350
840,4460
840,4530
840,4580
841,4052
841,4055
841,4084
841,4130
841,4140
841,4250
841,4290
841,4291
841,4350
841,4391
841,4460
841,4580
842,4022
842,4100
842,4140
842,4530
842,4531
842,4590
843,4022
843,4100
843,4121
843,4140
843,4350
843,4530
843,4531
844,4113
844,4230
844,4231
844,4240
844,4242
844,4270
844,4272
844,4370
844,4570
844,4580
845,4113
845,4230
845,4231
845,4240
845,4242
845,4270
845,4272
845,4370
845,4570
845,4580
846,4052
846,4113
846,4121
846,4242
846,4260
846,4460
846,4530
846,4531
846,4580
846,4640
846,4680
847,4052
847,4113
847,4121
847,4240
847,4242
847,4260
847,4460
847,4570
847,4580
847,4640
847,4680
848,4113
848,4230
848,4231
848,4260
848,4270
848,4570
848,4680
849,4113
849,4230
849,4231
849,4242
849,4270
849,4570
849,4680
850,4113
850,4230
850,4231
850,4242
850,4260
850,4570
850,4680
851,4113
851,4121
851,4260
851,4570
851,4640
851,4680
852,4121
852,4260
852,4630
852,4640
852,4650
852,4680
853,4022
853,4590
853,4630
853,4640
853,4650
854,4160
854,4171
854,4173
854,4178
854,4620
854,4621
855,4280
855,4322
855,4360
855,4361
855,4381
855,4450
855,4541
855,4543
856,4280
856,4322
856,4360
856,4361
856,4381
856,4450
856,4541
856,4543
857,4061
857,4062
858,4113
858,4240
858,4242
858,4270
858,4272
858,4285
858,4370
858,4460
858,4580
859,4084
859,4130
859,4210
859,4250
859,4290
859,4291
859,4600
860,4084
860,4130
860,4151
860,4210
860,4290
860,4291
860,4600
861,4084
861,4130
861,4151
861,4210
861,4290
861,4291
861,4600
862,4070
862,4151
862,4210
862,4440
862,4600
862,4690
863,4113
863,4230
863,4231
863,4240
863,4242
863,4270
863,4272
863,4285
863,4370
863,4570
863,4580
864,4030
864,4031
865,4052
865,4055
865,4084
865,4130
865,4140
865,4240
865,4242
865,4250
865,4350
865,4460
865,4580
866,4052
866,4055
866,4084
866,4130
866,4140
866,4240
866,4242
866,4250
866,4350
866,4460
866,4580
867,4084
867,4130
867,4151
867,4290
867,4291
867,4391
867,4600
