Type,Weight,Menu Size,Busing Menu Size,Utility,firstChoiceProb,Assignment Prob
63,3.120507926,15,14,7.394368466362164,0.9318683764325987,1.0
32,11.1469116028,16,9,7.394368466362163,0.7515531306765642,1.0
379,7.7095110511,19,16,7.394368466362164,0.9786489021409025,0.9999999999999999
221,1.7139970002,8,4,7.394368466362164,0.8012361419396534,1.0
24,42.0152821952,17,10,7.394368466362164,0.7477286690624492,1.0
356,5.1396740341,19,10,7.394368466362164,0.9371635639400977,0.9999999999999999
374,3.7119868024,16,14,7.492380507442245,1.0,1.0
610,2.8545741704,15,10,7.885156477163424,1.0,1.0
574,3.1276566299,16,8,7.394368466362164,0.8042471576542248,1.0
106,0.2836825387,10,9,7.432190637669452,1.0,1.0
651,2.2836593363,22,18,7.394368466362164,0.63257767804752,1.0
584,6.5655205919,14,5,7.394368466362164,0.8015670622268962,1.0
261,7.6769753643,21,8,8.449265386128719,1.0000000000000002,1.0
442,3.9806538926,23,16,7.394368466362164,0.8277007768772581,1.0
350,8.8516608365,22,17,7.394368466362164,0.7262769425379649,1.0
167,5.7004891369,14,7,8.722461105711258,1.0,1.0
677,7.1536350663,21,16,7.394368466362164,0.6094889231702905,1.0
533,1.4293035628,10,6,7.394368466362164,0.6762016429540302,1.0
257,7.7140441873,20,10,8.363293799892627,1.0000000000000002,1.0
454,5.4252114804,21,14,7.394368466362164,0.9106150554095345,1.0
644,10.2764670134,17,12,7.394368466362164,0.6408853576671539,1.0
701,4.0060356371,15,10,9.471058027240993,1.0,1.0
472,2.5653005586,16,9,7.394368466362164,0.7940151400483506,0.9999999999999999
51,0.8557950031,8,6,7.910839535842512,1.0,1.0
264,7.9613077852,21,9,8.275899337943349,1.0,1.0
55,6.2758300226,8,5,9.036741047793575,0.9999999999999999,1.0
694,4.0060356371,24,22,7.394368466362164,0.675907855796153,1.0
150,4.5603913095,11,7,8.40754666891536,0.9999999999999999,1.0
463,10.2612022346,26,20,7.394368466362165,0.7543678117384941,1.0
569,3.1400315874,25,20,7.394368466362164,0.5880054461157321,1.0
835,5.686648418,25,19,7.394368466362163,0.8343539174965591,1.0
830,0.856612339,25,21,7.394368466362164,0.9795838752429935,1.0
664,13.9674937092,23,18,7.394368466362164,0.6605619079918669,0.9999999999999999
428,12.8265027932,20,13,7.394368466362164,0.6719978134803765,0.9999999999999998
407,1.4276872317,28,26,7.394368466362164,0.8835796380043615,1.0
465,11.1163024208,16,9,7.394368466362164,0.965662443198737,1.0
288,5.1179835762,18,5,7.394368466362164,0.7308915983971787,1.0
568,0.5686648418,20,9,7.394368466362165,0.7878818901701394,1.0
573,2.2836593363,17,13,7.394368466362164,0.9755823349949894,1.0
684,4.2757633804,17,11,7.394368466362164,0.6131745561097773,1.0
847,1.9903269463,17,7,8.003186380655036,0.9999999999999996,1.0
526,3.1444678381,8,7,7.394368466362164,0.9756173467233191,1.0
482,4.2755009311,17,13,7.394368466362165,0.9162000402641113,1.0
681,5.9860687325,20,13,7.394368466362164,0.5760470948745586,1.0
330,19.6189370422,19,7,7.394368466362164,0.835656884357379,1.0
693,3.7198902345,25,22,7.394368466362165,0.6593444794147025,1.0
84,2.5531428486,15,12,7.394368466362164,0.3833098086615322,1.0
342,10.2793480682,20,10,7.394368466362164,0.8423316798588592,1.0
198,5.7133233341,8,3,7.394368466362164,0.7745095977339479,1.0
17,35.7272807783,21,15,8.31101030100671,0.7730072092087501,1.0
46,2.2821200082,6,4,8.200570974746125,1.0,1.0
246,7.1426335067,18,11,8.161909888243308,1.0000000000000002,1.0
730,2.2891632212,11,9,9.037968733797191,1.0000000000000002,1.0
547,6.2889356762,13,5,7.394368466362164,0.5682840043978525,1.0
754,2.5670425415,6,3,7.394368466362164,0.7402565637836059,1.0
340,9.4227357292,21,12,7.394368466362164,0.8226845643300843,1.0
836,1.713224678,25,17,7.394368466362164,0.7343353833984534,1.0
593,2.8368253873,21,15,7.394368466362164,0.7286239606880344,0.9999999999999999
648,2.5691167533,20,16,7.394368466362165,0.5793252732014367,1.0
505,2.2804071362,23,19,7.394368466362164,0.6411469792936988,1.0
431,3.1353673495,17,11,7.394368466362164,0.9983829485502727,1.0
143,0.2836825387,12,9,7.394368466362165,0.9054108584062899,1.0
689,1.7168724159,26,23,7.394368466362166,0.6270693381579168,1.0
380,4.8541365877,18,15,7.394368466362164,0.9689570570581064,1.0000000000000002
124,3.9715555422,9,5,8.344101053412835,1.0000000000000002,1.0
738,3.4337448318,14,12,8.878550204668906,1.0000000000000002,1.0
824,28.8676428688,21,17,7.394368466362164,0.7665669492559113,1.0
583,4.8527760896,16,7,8.175444185151921,1.0,1.0
101,0.2836825387,12,11,7.394368466362165,0.8863632266752242,1.0
151,3.4202934821,10,7,8.369872514921369,1.0,1.0
359,6.8528987121,22,14,7.394368466362164,0.7332572800585924,1.0
782,1.4261347453,7,1,7.394368466362164,0.6527451473110475,1.0
825,0.8575821377,11,3,7.394368466362164,0.6350891935802321,1.0
212,3.7136601672,8,4,7.394368466362164,0.8300037732652845,1.0
318,13.0792913615,20,10,7.394368466362165,0.8613532015469032,0.9999999999999999
16,14.2909123113,14,7,8.706584359236087,0.9319978147915128,1.0
718,4.5783264424,7,4,9.475710211231158,1.0,1.0
708,2.5753086239,10,5,9.489523817016817,0.9999999999999999,1.0
768,17.1136169434,7,1,7.394368466362164,0.6814438327906415,0.9999999999999999
57,4.8495050175,9,6,9.059072441163648,1.0,1.0
276,14.500953466,18,11,7.394368466362166,0.9021266247026648,1.0
470,5.4156345127,17,11,7.394368466362164,0.7998468428363332,1.0
317,10.8046319943,19,9,7.394368466362164,0.8618708212252182,1.0
563,25.9396311742,20,13,7.394368466362164,0.6598666074915364,1.0
586,1.9982019193,15,4,8.10472921155472,0.9999999999999999,1.0
14,17.720731266,13,8,8.411828228390869,1.0,1.0
383,3.4264493561,23,20,7.394368466362164,0.9788814084024956,1.0
80,1.4184126936,15,12,7.394368466362164,0.38553753571434424,1.0
776,3.4227233887,5,1,7.394368466362164,0.8061481139346655,1.0
185,1.9999373819,18,6,8.448397044769772,1.0,1.0
368,6.5673612658,20,16,7.394368466362164,0.8432335456751924,1.0
670,1.4252544601,21,16,7.394368466362164,0.7423720731883299,1.0
736,1.7168724159,13,10,9.279757853236214,0.9999999999999999,1.0
688,2.2891632212,23,20,7.394368466362164,0.7448906955415722,1.0
406,2.2802671632,25,23,7.394368466362164,0.9596372599924692,1.0
560,3.4206107043,21,14,7.394368466362164,0.6307386887169132,1.0
417,11.7070352999,22,14,7.394368466362163,0.8121176159122138,1.0
485,8.8616820892,16,12,7.394368466362164,0.93775904849725,1.0
602,1.1347301549,20,14,7.394368466362164,0.7490490319532234,1.0
69,0.5673650775,11,9,7.394368466362164,0.9852377859485195,1.0
388,3.1409119097,28,25,7.394368466362164,0.968245524266179,1.0
462,7.7095110511,21,11,7.394368466362164,0.7856830067720222,1.0
2,10.0036386179,12,10,7.394368466362164,0.9963769860603371,1.0
551,4.8458651644,18,12,7.394368466362164,0.6032626866721889,1.0
619,5.3899682359,20,16,7.394368466362164,0.7122275865104641,1.0
382,2.8553744634,22,19,7.394368466362164,0.9872731950842454,1.0
141,0.2836825387,19,17,7.394368466362164,0.8661936258417813,1.0
43,17.9716950648,8,6,7.397672233472394,0.6441814920757281,1.0
627,2.2694603098,22,20,7.394368466362164,0.8167517891838,1.0
774,0.8556808472,5,2,7.394368466362164,0.8427528981177043,0.9999999999999999
422,7.4108682805,21,16,7.394368466362164,0.8581467609807629,1.0
26,31.1541888386,16,8,7.394368466362164,0.5351995773206148,1.0
703,2.2891632212,13,9,9.544903802500492,1.0000000000000002,1.0
152,0.5700489137,13,9,8.548423292639862,0.9999999999999999,1.0
743,2.5753086239,14,12,8.981327307226964,0.9999999999999996,1.0
437,5.9962863731,23,16,7.394368466362165,0.8485338709676901,1.0
352,9.7082731755,24,15,7.394368466362164,0.7495344332737126,1.0
859,14.8217365611,26,19,7.394368466362163,0.7414197660863738,1.0
419,4.2755009311,22,17,7.394368466362165,0.8802644556819045,1.0
518,4.0020499758,12,9,7.394368466362165,0.8475761866574867,1.0
34,5.4305466783,12,5,8.440485369199042,0.8223701465635799,1.0
605,2.5691167533,18,11,7.394368466362163,0.7040869221072875,1.0
785,3.9931772868,5,1,7.394368466362164,0.7709293801475164,0.9999999999999999
281,10.8046319943,17,6,7.394368466362164,0.7954409516299636,1.0
117,2.8368253873,9,7,7.829992019281971,0.9999999999999999,1.0
769,2.8522694906,6,1,7.394368466362164,0.7174602238705845,1.0000000000000002
193,0.8569985001,9,3,7.394368466362164,0.9559624228246115,1.0
97,0.2836825387,11,10,7.394368466362164,0.9377897230631569,1.0
522,3.7161892632,12,8,7.394368466362164,0.7194001204504658,1.0
262,7.1083105225,22,10,8.420420613389908,0.9999999999999999,1.0
385,0.2855374463,28,26,7.394368466362164,0.9966945676786453,1.0
668,1.4252544601,13,9,7.394368466362164,0.9084969177206239,1.0000000000000002
135,0.8510476162,11,8,7.394368466362164,0.9390461956174623,1.0
453,8.2805859438,21,14,7.394368466362165,0.9181864732930841,1.0
828,8.8365776527,19,13,7.394368466362164,0.47329251447290593,0.9999999999999999
396,8.8516608365,25,18,7.394368466362164,0.724949021313363,0.9999999999999998
91,1.4184126936,12,11,7.394368466362164,0.9900363632874873,0.9999999999999999
747,1.1445816106,14,12,8.783340752949215,1.0,1.0
326,15.9226155705,23,11,7.394368466362164,0.7256171840843374,1.0000000000000002
70,1.9857777711,16,15,7.394368466362164,0.700738851853406,1.0
310,0.8529972627,19,8,7.394368466362163,0.7823573844808596,1.0
294,4.2649863135,17,6,7.983450936181519,0.9999999999999999,1.0
322,1.1373296836,21,9,7.394368466362164,0.7663133458702243,0.9999999999999998
338,8.5711602081,21,12,7.394368466362164,0.8044698289047326,1.0
87,2.5531428486,14,11,7.394368466362164,0.4158875605019978,1.0
717,0.858436208,7,4,9.599070187728694,1.0,1.0
704,5.722908053,11,5,9.396580427656572,0.9307096383302568,1.0
807,3.1374964396,7,5,7.394368466362165,0.9205603309595008,0.9999999999999999
223,2.5709955003,6,2,7.394368466362164,0.838084126001746,1.0
777,1.7113616943,5,1,7.394368466362164,0.7731230969533373,1.0
554,1.1434428502,11,3,7.394368466362164,0.79672381273814,1.0
180,2.2746593672,19,9,8.170183698633245,1.0000000000000002,1.0
772,1.7113616943,5,1,7.394368466362165,0.7793992516497837,1.0
604,0.5709148341,14,8,7.581968166733371,1.0000000000000002,1.0
233,1.7139970002,8,3,7.394368466362164,0.7421348833209608,1.0
542,5.7172142511,11,6,7.394368466362164,0.5931541016403871,1.0
29,13.7192758189,16,9,7.394368466362165,0.7108086647271146,1.0
275,2.5652201116,16,10,7.394368466362164,0.9174569647171918,1.0
389,3.1409119097,19,15,7.394368466362164,0.9872804220081894,0.9999999999999999
61,0.5673650775,15,13,7.394368466362164,0.7048429047345219,1.0
616,1.7020952324,21,15,7.394368466362164,0.7770809474971894,1.0
3,0.8574547387,13,11,7.394368466362164,0.9273760694861735,1.0
749,0.2852269491,6,2,7.394368466362164,0.7181515048107361,1.0000000000000002
5,2.572364216,12,10,7.394368466362164,0.9113631363321582,1.0
851,14.8212717559,19,13,7.394368466362164,0.6640834594181559,1.0
487,2.0010249879,15,11,7.394368466362164,0.9242545370369346,1.0
378,8.2805859438,19,16,7.394368466362164,0.8936410934429848,1.0
232,1.9996631669,6,4,7.394368466362163,0.9388256514505013,1.0
448,7.4239736048,22,17,7.394368466362164,0.9731048435852954,1.0
62,4.8226031584,17,15,7.394368466362164,0.6497905510111253,1.0
213,1.1426646668,8,4,7.855426949275641,0.9999999999999998,1.0
676,5.7010178405,22,17,7.394368466362164,0.5834170014082949,1.0
202,0.5713323334,8,3,7.394368466362164,0.8177333766647261,1.0
739,1.1445816106,14,12,8.976183121004546,1.0000000000000002,1.0
183,9.0986374689,22,10,8.592068232664632,1.0000000000000002,1.0
527,4.0020499758,7,5,7.394368466362164,0.8292628701127237,1.0
351,9.9938106218,22,16,7.394368466362164,0.69867556602324,1.0
393,14.8479472096,21,14,7.394368466362164,0.8026077463964071,1.0
467,3.7054341403,19,12,7.394368466362164,0.6389714843133265,0.9999999999999999
640,7.70735026,15,6,7.394368466362164,0.7734245276611588,1.0
557,3.4206107043,20,14,7.394368466362164,0.6419152538212605,1.0
725,1.7168724159,9,7,8.867610886606593,0.9999999999999999,1.0
241,3.142758743,19,9,8.339165487334768,0.9999999999999999,1.0
552,12.257188357,17,11,7.394368466362164,0.6773557517672931,1.0
155,3.4202934821,16,11,7.394368466362164,0.6886246768000654,1.0000000000000002
636,3.4254890045,16,9,7.394368466362164,0.7300330370951325,1.0
445,3.6963214717,25,19,7.394368466362164,0.8367461951704117,1.0
439,9.6911354438,22,15,7.394368466362163,0.9146689268004599,0.9999999999999999
306,4.5493187344,17,4,7.394368466362164,0.7582705988739504,1.0000000000000002
805,7.7011276245,7,2,7.8599787261119785,0.7754910979307219,1.0
33,15.4341852962,11,5,8.461535572759926,1.0,1.0
549,0.858436208,6,5,8.11310284284974,1.0,1.0
637,5.9946057578,15,9,7.394368466362164,0.7591835215406467,0.9999999999999999
458,5.9709808389,20,11,7.394368466362164,0.9401412631924662,0.9999999999999999
424,3.1353673495,19,14,7.394368466362164,0.7875629098862871,1.0
147,3.705317939,16,11,7.394368466362164,0.7137442788015051,0.9999999999999999
308,7.6769753643,17,6,7.394368466362165,0.8296825487095909,1.0
250,2.8570534027,16,11,7.716920875451955,1.0,1.0
630,0.5673650775,22,20,7.394368466362164,0.8360080770186346,1.0
587,1.7127445022,14,6,7.498610269306371,1.0000000000000002,1.0
81,1.9857777711,14,11,7.394368466362164,0.40467424802253216,1.0
671,0.285050892,18,12,7.394368466362163,0.8417585351468393,1.0
669,0.858436208,29,27,7.394368466362165,0.45247449692483194,1.0
405,1.713224678,32,31,7.394368466362165,0.8530730279043162,1.0
266,2.843324209,19,9,8.121855291804925,1.0,1.0
171,0.2850244568,16,11,8.699308294851384,1.0,1.0
839,7.1083105225,23,10,7.394368466362164,0.7119417081903011,0.9999999999999998
427,12.5414693978,17,9,7.394368466362164,0.6441110904487556,0.9999999999999998
455,12.8491850852,19,11,7.394368466362164,0.907595874403437,1.0
727,2.2891632212,10,8,9.15855437100488,0.9999999999999998,1.0
801,4.2784042359,8,5,7.394368466362164,0.8255858453104655,1.0
413,2.8503339541,22,17,7.394368466362164,0.9242304988661957,1.0
466,6.8408014897,18,11,7.394368466362165,0.6306324347373502,1.0
217,7.4273203343,10,3,7.394368466362164,0.6672816503525534,0.9999999999999999
397,8.2805859438,25,17,7.394368466362164,0.7197096819166946,1.0
822,15.1657063405,11,9,8.770785034928961,0.8128083118528057,1.0
271,12.826100558,17,11,7.394368466362164,0.8865302823562159,1.0
626,1.9857777711,23,21,7.394368466362164,0.8001569451963438,1.0
168,1.9951711979,16,10,7.394368466362164,0.5909147119867344,1.0
252,1.4285267013,17,10,8.11511418014163,0.9999999999999998,1.0
77,0.2836825387,9,7,7.5097415452844265,0.9999999999999998,1.0
514,1.7151642753,14,10,7.394368466362164,0.8665530058611144,1.0
400,2.569837017,29,22,7.394368466362164,0.7086872363588209,1.0
806,2.2818155925,7,3,7.394368466362164,0.8142965783389061,0.9999999999999999
325,8.2456402061,23,10,7.394368466362164,0.695286626055263,0.9999999999999999
367,13.1347225316,18,14,7.394368466362164,0.8979408114021202,0.9999999999999999
28,14.2909123113,15,7,7.394368466362164,0.7598389701618156,1.0
273,9.6908315327,19,13,7.394368466362163,0.6445642555115241,1.0
687,9.4066794368,20,14,7.394368466362164,0.5922804518979063,1.0
226,1.7139970002,6,2,7.394368466362164,0.7959351502422753,1.0
96,3.120507926,13,12,7.394368466362164,0.8743620138810664,1.0000000000000002
656,2.2836593363,15,13,7.723605960345806,0.9421862796000546,1.0
464,6.5557680943,18,12,7.394368466362164,0.983023538074228,1.0
606,4.2818612556,15,8,7.879274805428002,0.9999999999999999,1.0
611,19.6965617756,18,11,7.394368466362165,0.8067630405133044,1.0
154,4.2753668527,14,10,7.394368466362164,0.7450096489832154,1.0
44,14.5485150525,7,4,8.869656937474899,0.9999999999999999,1.0
227,1.9996631669,6,2,7.394368466362164,0.8004070556705895,0.9999999999999998
314,3.4119890508,17,8,7.394368466362164,0.8992588001843678,0.9999999999999999
166,5.7004891369,15,9,7.394368466362164,0.6005022332203462,1.0
345,21.129771029,24,15,7.394368466362164,0.6716552942514437,1.0
348,1.713224678,18,12,7.394368466362164,0.9637363692246314,1.0
364,10.8504229608,26,20,7.394368466362164,0.6718170018800957,1.0
336,10.5648855145,23,11,7.394368466362164,0.7545968996555785,1.0
65,1.1347301549,14,13,7.394368466362164,0.8518600816215129,1.0
196,9.1413173346,10,3,7.394368466362164,0.6960673147925497,0.9999999999999999
1,0.8574547387,77,75,7.394368466362164,1.0,1.0
128,0.8510476162,11,8,8.328389656626983,1.0,1.0
341,6.5673612658,21,11,7.394368466362164,0.8274524681438181,1.0
457,10.2359671525,25,18,7.394368466362164,0.8162622478926933,1.0
660,2.5753086239,22,18,7.394368466362164,0.7529660476841833,1.0
444,11.3732968361,25,19,7.394368466362164,0.7860350659812663,1.0
40,2.8526500103,12,9,7.394368466362165,0.4731574041821616,1.0
363,9.1371982828,20,12,7.394368466362164,0.7930794816604168,1.0
161,6.5555625074,10,6,8.51490558956154,0.9999999999999999,1.0
848,6.8509780089,20,13,7.394368466362165,0.6832717518894581,1.0
319,6.8239781016,17,7,7.394368466362164,0.949909115484912,1.0
441,14.2166210451,25,19,7.394368466362164,0.7893902613676894,1.0
156,5.1304402232,17,11,7.394368466362164,0.646366107532404,0.9999999999999999
321,5.9709808389,20,8,7.394368466362164,0.7884919647269064,1.0
235,4.285580104,14,8,7.404791675410212,0.9784875752836842,1.0
536,2.2868857004,9,6,7.394368466362164,0.934166297167086,1.0000000000000002
162,7.4106358779,9,4,8.534507139453254,0.9999999999999997,1.0
787,1.4261347453,5,1,7.394368466362164,0.8193377857093653,0.9999999999999999
780,2.8522694906,7,1,7.394368466362164,0.6472868209091458,1.0
691,5.722908053,23,19,7.394368466362165,0.5198203117587942,1.0
334,16.8566150759,21,12,7.394368466362164,0.816452328366202,1.0000000000000002
9,11.432729849,13,11,7.394368466362164,0.9288770571455167,1.0
137,0.2836825387,11,8,7.394368466362165,0.8901471457762526,1.0
721,0.858436208,7,4,9.393719700182782,1.0,1.0
390,2.569837017,19,15,7.394368466362164,0.9531870002159406,1.0
863,8.2782650941,15,5,7.394368466362164,0.6689415266100192,1.0
290,0.2843324209,14,5,7.522117211682778,0.9999999999999997,1.0
446,5.7107489268,20,13,7.394368466362164,0.9570592570263059,0.9999999999999999
591,0.8510476162,22,19,7.394368466362163,0.7661430981818734,1.0
618,1.9857777711,20,15,7.394368466362164,0.684472740097698,1.0
320,10.8046319943,20,9,7.394368466362164,0.8197901025674654,1.0
504,4.2757633804,23,16,7.394368466362164,0.6223763549147309,1.0
488,4.0020499758,15,10,7.394368466362164,0.8792016342128233,1.0
214,4.5706586673,9,3,8.536889891393828,1.0,1.0
415,1.713224678,27,22,7.394368466362164,0.793846926628717,1.0
67,1.9857777711,12,11,7.394368466362164,0.9590366539857809,1.0
282,1.1373296836,18,7,8.024600720668179,1.0,1.0
394,3.4264493561,20,13,7.394368466362164,0.86147859939738,1.0
783,0.8556808472,6,1,7.394368466362164,0.7131741891815689,1.0
760,2.2818155925,6,3,7.394368466362164,0.6887586619305561,1.0
864,3.4337448318,8,7,7.922060569474258,0.9999999999999997,1.0
790,0.5704538981,5,2,7.394368466362164,0.9134737669739281,1.0
695,4.0060356371,16,13,9.164710581223307,1.0,1.0
181,8.2456402061,22,8,8.428181470468543,0.8273265160749556,1.0
15,8.5745473868,14,6,8.959139479893453,0.9999999999999999,1.0
229,4.5706586673,7,2,7.394368466362164,0.7442557160128009,1.0
576,1.7059945254,15,6,7.394368466362164,0.7378971389181771,1.0
360,3.7119868024,21,13,7.394368466362165,0.7580529477675917,1.0
375,0.2855374463,17,14,7.394368466362164,0.9031174072754423,1.0
263,5.4023159971,22,9,8.759325067530115,1.0,1.0
483,4.2879106883,15,11,7.394368466362164,0.9530838085448656,1.0
4,1.4290912311,12,10,7.394368466362164,0.9898411879942681,0.9999999999999999
734,2.8614540265,12,9,9.19245013723943,1.0000000000000002,1.0
622,0.5673650775,21,20,7.394368466362163,0.8863760888808186,1.0
710,0.5722908053,8,4,9.593462134984248,1.0,1.0
139,1.1347301549,19,17,7.394368466362164,0.914941361551292,1.0
764,1.1409077962,5,1,7.394368466362164,0.8658573910600706,1.0000000000000002
709,4.5783264424,10,5,9.559641123756865,0.9999999999999997,1.0
311,13.3636237824,19,6,7.394368466362164,0.7590827026948442,1.0
565,0.8551526761,25,14,7.394368466362164,0.534835776702659,1.0
403,9.4227357292,29,24,7.394368466362164,0.8320425664415937,1.0
594,0.8510476162,20,16,7.394368466362164,0.647264047046921,1.0
731,5.1506172477,11,9,9.196549181667073,1.0000000000000002,1.0
274,22.5169320906,20,13,7.394368466362165,0.6525507793971091,1.0
37,10.269540037,7,4,8.478196512936297,1.0,1.0
571,11.0889644152,16,10,7.394368466362165,0.8995881461892618,1.0
240,5.7141068054,19,9,8.548606759296563,1.0000000000000002,1.0
216,3.7136601672,8,2,7.394368466362163,0.9888815390250205,1.0
791,2.5670425415,5,1,7.394368466362164,0.7812800955226975,1.0
817,5.4252114804,22,14,7.394368466362164,0.7791228132793793,0.9999999999999998
494,6.0030749636,10,5,7.394368466362164,0.9994741534833149,1.0
460,7.1083105225,21,10,7.394368466362163,0.7732998018476981,1.0
160,2.8502445684,10,5,8.575057462607944,1.0000000000000002,1.0
191,0.8569985001,9,3,7.394368466362164,0.9645747810811461,1.0
231,2.8566616671,6,1,7.394368466362164,0.7671241008132726,1.0
539,4.2879106883,10,6,7.394368466362164,0.6959317557434459,1.0
753,0.5704538981,6,3,7.394368466362164,0.7616862215055121,1.0
302,0.8529972627,16,4,8.37795719678532,0.9999999999999998,1.0
459,4.8336511553,21,10,7.394368466362164,0.8006541868026509,1.0
434,9.9761688392,26,18,7.394368466362164,0.7474922441794778,1.0
763,1.1409077962,5,1,7.394368466362164,0.793935258289979,1.0
384,2.2842995707,24,21,7.394368466362164,0.9442943422226575,1.0000000000000002
25,29.7250976075,18,12,7.394368466362166,0.7562917537456157,1.0
158,13.1111250148,15,10,8.215983380605513,0.8896424454541318,1.0
329,10.2359671525,20,9,7.394368466362164,0.7976525258401143,1.0000000000000002
675,5.9860687325,20,13,7.394368466362164,0.5975447723409656,1.0
720,1.4307270133,11,8,9.394638897903985,0.9999999999999999,1.0
642,1.4272870852,14,9,7.394368466362164,0.91763599007392,0.9999999999999998
254,6.2855174859,20,12,7.394368466362164,0.7574159274722578,1.0
645,2.8545741704,16,12,7.394368466362164,0.9159618823478335,1.0000000000000002
521,4.5737714009,14,10,7.394368466362164,0.6562453618250861,1.0
755,1.1409077962,6,3,7.394368466362164,0.7391396795484309,1.0
21,25.1520056679,17,10,7.394368466362164,0.6658946027251564,1.0000000000000002
798,1.4261347453,9,6,7.394368466362164,0.9009860461974066,1.0
802,0.8556808472,7,3,7.394368466362164,0.7895665723795627,0.9999999999999998
211,0.5713323334,8,4,7.394368466362164,0.8521928984593665,1.0
299,1.1373296836,17,6,8.078903461789073,1.0,1.0
831,7.4108682805,16,10,7.394368466362164,0.9748904568339101,1.0
215,0.8569985001,9,2,8.540814280955288,1.0,1.0
558,4.5608142724,21,14,7.394368466362163,0.6128816842754143,1.0
443,5.1179835762,23,18,7.394368466362164,0.875423365534967,1.0
145,3.6878730035,17,12,7.394368466362165,0.7378403464530833,1.0000000000000002
38,6.2758300226,10,7,7.394368466362164,0.5427408158214487,1.0
234,3.1423278338,7,2,7.394368466362164,0.7556203773548498,1.0
566,4.2649863135,23,9,7.394368466362165,0.8124987651741177,1.0
531,4.2879106883,10,8,7.394368466362164,0.7895446508671149,1.0
601,1.7127445022,15,8,7.394368466362164,0.9527714089014238,1.0
589,9.7055521793,20,13,7.394368466362165,0.6743987323790005,1.0
164,6.2705380506,12,6,8.737079233765279,0.9999999999999999,1.0
832,7.9809350713,20,13,7.394368466362164,0.7249130689922635,1.0
218,10.8553143348,9,3,7.394368466362164,0.9736275073415058,1.0
503,3.7056615963,23,16,7.394368466362162,0.618910716357438,1.0
30,32.0116435773,14,9,7.394368466362164,0.8231652941399888,1.0
56,5.1347700185,8,5,9.05299760477601,0.9999999999999999,1.0
638,1.7127445022,16,7,7.394368466362163,0.6887047868862557,1.0
812,1.7113616943,12,10,7.394368466362164,0.9956862588773961,1.0
243,2.2856427222,18,8,8.33187868332159,1.0000000000000002,1.0
207,0.2856661667,7,3,7.764668759516665,0.9999999999999999,1.0
575,1.7059945254,16,7,7.394368466362164,0.7414930020027551,1.0
535,1.1434428502,9,5,7.394368466362164,0.757133946030216,1.0
121,0.8510476162,10,7,8.31722693443047,1.0000000000000002,1.0
399,1.713224678,30,23,7.394368466362164,0.6480674473470585,1.0000000000000002
335,7.1384361585,21,12,7.394368466362164,0.821547990831004,1.0
305,6.8239781016,18,3,8.461249423238504,0.9999999999999998,1.0
724,2.2891632212,7,5,8.871073607012484,1.0,1.0
737,2.2891632212,21,19,8.942214620527823,0.9353691268784632,1.0
834,11.4013358162,20,14,7.394368466362164,0.9500998433290339,1.0
237,10.5710975899,19,8,8.5858843932857,1.0000000000000002,1.0
524,7.4323785264,9,6,7.394368466362164,0.9279333393713334,1.0
507,2.8505089202,22,16,7.394368466362163,0.6196499909017981,1.0
436,7.7095110511,29,22,7.394368466362165,0.6713849330409999,1.0
707,3.7198902345,9,5,8.996487401091226,1.0,1.0
123,17.5883174012,9,5,8.423454367337579,0.9999999999999999,1.0
600,0.8510476162,21,15,7.394368466362164,0.6912749901616747,1.0
624,0.5673650775,22,20,7.394368466362163,0.8145890265708494,1.0
765,1.9965886434,6,3,7.394368466362163,0.6550907286514726,1.0
192,12.569311335,9,3,7.394368466362164,0.9750487242477714,0.9999999999999999
204,0.2856661667,8,3,7.394368466362164,0.8597472556142377,1.0
219,10.8553143348,9,3,7.700820377801992,0.8157235567587177,1.0
732,6.581344261,12,9,9.285721133139148,1.0000000000000004,1.0
866,6.2553132598,22,11,7.394368466362165,0.7691834359791394,1.0
726,1.1445816106,11,9,9.270063789899126,0.9999999999999998,1.0
206,0.5713323334,8,5,7.394368466362164,0.9441460829640481,1.0
761,2.8522694906,5,2,7.394368466362164,0.8622106826998344,1.0000000000000002
291,6.8239781016,13,4,7.522245497592835,1.0,1.0
285,16.8164429538,18,12,7.394368466362164,0.9464865348938695,1.0000000000000002
581,3.9964038385,14,5,7.925792831001841,0.9999999999999999,1.0
543,3.7161892632,14,9,7.394368466362164,0.5563162419794129,1.0
762,0.5704538981,5,2,7.394368466362164,0.817441233333498,1.0
10,16.2916400349,10,8,7.394368466362164,0.9563275289691722,1.0
328,10.2359671525,22,11,7.394368466362164,0.760766226155613,1.0
567,3.4119890508,19,13,7.394368466362164,0.983620935087893,1.0000000000000002
421,12.2564360024,19,12,7.394368466362165,0.7297195858257552,0.9999999999999999
230,1.1426646668,6,1,7.394368466362164,0.7475922499012,1.0
315,5.1179835762,18,9,7.394368466362164,0.8947699997258244,0.9999999999999998
496,6.8606571013,13,7,7.394368466362164,0.7217934849518528,0.9999999999999999
376,1.9987621244,19,16,7.394368466362164,0.9760400013838848,0.9999999999999999
242,4.5712854443,19,9,8.354686828082292,1.0000000000000002,1.0
659,2.2891632212,21,17,7.394368466362164,0.7568882149365853,1.0
796,1.9965886434,8,5,7.394368466362164,0.8582030728542643,1.0
112,1.4184126936,9,7,7.6711642136749205,0.9999999999999999,1.0
349,0.856612339,18,13,7.394368466362164,0.9905633371235367,1.0
366,17.4177842266,23,17,7.394368466362164,0.7733341834457034,1.0
113,0.2836825387,10,8,7.600504433941069,1.0000000000000002,1.0
492,5.4313535385,15,10,7.394368466362164,0.7463293539213806,1.0
716,6.2951988583,6,3,9.456567183318384,1.0,1.0
706,3.1475994292,10,5,9.100813098046148,1.0,1.0
758,1.9965886434,6,3,7.394368466362164,0.6639037067288361,1.0
298,7.1083105225,18,4,7.394368466362164,0.6766498143762116,1.0
127,6.241015852,10,6,8.508436176826503,1.0000000000000002,1.0
23,41.1578274566,17,9,7.394368466362164,0.6797969449824263,1.0
550,18.8133588736,15,8,7.394368466362164,0.680515089453501,1.0
649,1.9982019193,19,14,7.394368466362164,0.6660700266389298,1.0
613,0.2836825387,21,16,7.394368466362164,0.7685643414585361,1.0
287,1.9903269463,18,9,7.394368466362164,0.8760394426388477,1.0
452,4.2830616951,21,15,7.394368466362164,0.9902473064259183,1.0
516,8.0040999515,14,10,7.394368466362164,0.7870787100946268,1.0
562,7.9814249767,24,17,7.394368466362164,0.5985595385799501,1.0
662,2.2804071362,21,15,7.394368466362164,0.7016699916255847,1.0
781,3.7079503377,7,1,7.394368466362164,0.6448730813283786,1.0
178,0.8529972627,17,8,8.019738993990932,1.0000000000000002,1.0
346,4.8541365877,20,12,7.394368466362165,0.8748831149201588,1.0000000000000002
845,12.8455837667,13,4,7.394368466362164,0.8071853254154249,1.0
42,21.6801400782,9,6,7.394368466362164,0.5104300849274368,1.0
476,2.5653005586,17,12,7.394368466362164,0.821118336789371,1.0
41,3.1379150113,8,5,9.000657903864463,1.0,1.0
373,3.4264493561,20,18,7.394368466362164,0.8995268772354491,1.0
532,2.8586071255,10,8,7.394368466362164,0.8009046290941125,1.0
722,3.7198902345,7,4,9.317229357827074,1.0,1.0
770,2.2818155925,5,1,7.394368466362164,0.7848848408593189,1.0
570,16.5565301882,19,14,7.394368466362164,0.9907125905090152,1.0
293,2.5589917881,14,3,7.678723022174989,1.0,1.0
493,19.4385284537,14,8,7.394368466362164,0.796682823207453,1.0
578,7.1364354259,15,5,7.394368466362164,0.6991572623503882,1.0
189,0.8571160208,11,4,7.394368466362164,0.9697265992038355,1.0
267,11.0889644152,19,8,8.187349728062012,0.9999999999999998,1.0
239,4.5712854443,20,10,8.515360478651054,1.0000000000000002,1.0
449,1.4276872317,22,16,7.394368466362162,0.9742519264808629,1.0
268,4.8336511553,18,10,7.394368466362165,0.7994218557342602,1.0
641,1.1418296682,13,8,7.394368466362164,0.9134136320444852,1.0
404,3.7119868024,31,29,7.394368466362164,0.883954163582091,1.0
54,7.1316250257,7,5,8.285252479120714,1.0000000000000002,1.0
767,2.2818155925,7,2,7.394368466362164,0.7302706364513968,1.0
607,4.8527760896,15,7,7.8831911557032415,1.0000000000000002,1.0
331,7.428338847,22,11,7.394368466362164,0.7445000813379248,1.0
484,4.8596321134,15,10,7.394368466362164,0.9584279953038252,1.0
520,1.1434428502,14,10,7.394368466362164,0.6459875697233955,1.0
609,0.285457417,16,8,7.89881196916397,1.0,1.0
115,1.1347301549,8,5,7.595233000200646,1.0000000000000002,1.0
125,0.2836825387,10,7,8.29919734811862,0.9999999999999999,1.0
508,5.9860687325,23,17,7.394368466362164,0.6071801932037624,1.0
672,3.1355598123,19,13,7.394368466362164,0.7234139280729308,1.0
255,5.9998121456,20,12,7.394368466362164,0.6958579802259642,1.0
692,4.2921810398,25,22,7.394368466362164,0.6295860052420877,1.0
280,0.8529972627,17,7,7.394368466362164,0.8060172107347422,1.0
858,6.2553132598,18,10,7.394368466362164,0.778739961361208,1.0000000000000002
827,2.572746413,9,6,7.394368466362164,0.7980163853820916,0.9999999999999998
469,7.4108682805,18,12,7.394368466362164,0.6784732499134176,1.0
510,2.8505089202,26,22,7.394368466362163,0.6904625763431433,1.0
85,1.4184126936,15,12,7.394368466362164,0.38701416442348147,1.0
657,2.2836593363,20,17,7.394368466362163,0.8356089115135857,1.0
789,0.8556808472,5,2,7.394368466362164,0.8719766494717487,1.0
829,2.5653005586,19,14,7.394368466362164,0.8700781680495614,1.0
766,2.5670425415,6,2,7.394368466362164,0.7027824653523524,1.0
225,1.1426646668,8,4,7.394368466362164,0.77431401374439,1.0
625,2.2694603098,23,21,7.394368466362164,0.7866649109839199,1.0
759,4.5636311849,6,3,7.394368466362164,0.7183483683148589,1.0
473,2.5653005586,17,9,7.394368466362163,0.6926856338089556,1.0
414,5.7107489268,26,24,7.394368466362164,0.9352757589645808,1.0
324,5.9709808389,23,10,7.394368466362164,0.6950083647115642,1.0
425,1.9952337678,17,12,7.394368466362165,0.8522080228091181,1.0
685,6.8412214086,17,12,7.394368466362164,0.6529332293719098,1.0
771,1.7113616943,5,1,7.394368466362164,0.7555577420079085,1.0
529,4.5737714009,9,7,7.394368466362164,0.8438821114244579,1.0
401,1.1421497854,22,14,7.394368466362164,0.7887846201305666,1.0
585,2.2836593363,14,5,7.394368466362164,0.8581026056338485,1.0
728,0.2861454027,10,8,8.840516526190216,1.0,1.0
327,11.3732968361,23,9,7.394368466362164,0.6979113393718788,0.9999999999999998
408,3.1353673495,26,24,7.394368466362164,0.9478093733057824,0.9999999999999999
182,9.9516347316,21,8,8.556470131719031,0.9999999999999999,1.0
461,13.9913348706,19,9,7.394368466362164,0.8554637702153971,1.0
170,7.1256114211,16,11,8.738191583149245,1.0000000000000002,1.0
447,5.7107489268,21,16,7.394368466362164,0.9800681912999766,1.0
260,9.0986374689,22,9,8.439352648872475,0.9999999999999999,1.0
495,5.7172142511,9,2,7.394368466362164,0.903803454657042,1.0
811,5.7045389811,8,6,7.394368466362164,0.9536109359233668,1.0000000000000002
402,8.2805859438,22,14,7.394368466362164,0.7470140567518004,1.0
564,20.2386133337,24,18,7.394368466362164,0.5924075980365403,1.0
572,11.657629257,18,7,7.394368466362164,0.7121365076759288,1.0
200,0.5713323334,8,3,7.394368466362164,0.7900947372020506,0.9999999999999998
478,11.7202892147,15,7,7.394368466362164,0.7090828164421918,1.0
499,7.1262723006,18,10,7.394368466362164,0.6572165769575159,1.0
468,7.9809350713,18,11,7.394368466362164,0.6404588516653215,0.9999999999999999
129,0.2836825387,11,8,8.180990459707571,1.0,1.0
111,1.7020952324,9,7,7.6259184896990835,0.9999999999999999,1.0
286,1.7101467411,18,12,7.394368466362164,0.8903340869067442,1.0
541,3.7161892632,11,6,7.394368466362164,0.582467104691007,1.0
553,6.2889356762,11,4,7.394368466362164,0.8388327349846147,1.0
116,11.0636190105,9,6,7.824737071988476,1.0,1.0
540,4.8596321134,10,6,7.394368466362164,0.6579836455456335,1.0
270,1.7101467411,17,10,7.394368466362164,0.8718922958766251,1.0
12,20.293095482,13,10,7.670837920176919,0.8196347599026725,1.0
778,1.7113616943,5,1,7.394368466362164,0.7810956430048618,1.0
788,1.9965886434,5,1,7.394368466362164,0.8022326782008486,1.0
723,2.8614540265,7,4,8.600505747311514,1.0,1.0
265,11.9419616779,20,9,7.394368466362165,0.7619283260870906,1.0
412,9.4061020484,21,16,7.394368466362163,0.9350120204024182,1.0
173,0.8510476162,9,4,7.996517546630962,1.0000000000000002,1.0
72,0.8510476162,12,11,7.493512671082347,0.9999999999999996,1.0
395,2.569837017,21,14,7.394368466362164,0.9037880290775708,0.9999999999999999
712,1.4307270133,9,7,9.298313837384043,1.0,1.0
744,0.2861454027,14,12,8.889702989677003,1.0,1.0
174,0.2856661667,14,3,8.560836871518834,1.0000000000000002,1.0
283,0.8510476162,21,16,7.394368466362164,0.6375782613119909,1.0
312,9.3829698898,15,6,7.394368466362164,0.9077996345817362,1.0
259,7.6769753643,20,9,8.315897188123605,0.9999999999999998,1.0
690,2.0030178186,25,21,7.394368466362164,0.5415040895559661,0.9999999999999998
300,4.8336511553,17,3,8.40746695640206,1.0,1.0
773,3.4227233887,5,2,7.394368466362164,0.827884034334327,1.0
251,1.4285267013,16,11,7.620014562222456,0.9999999999999999,1.0
343,2.569837017,21,12,7.394368466362164,0.8122223185921861,1.0
433,1.7102003724,21,14,7.394368466362164,0.7722125313651934,1.0
438,7.1384361585,22,15,7.394368466362164,0.8658844229156116,1.0
372,1.1421497854,17,14,7.497741214038276,1.0,1.0
779,3.7079503377,6,1,7.394368466362164,0.7443300154974567,1.0
867,4.8455677219,21,15,7.394368466362164,0.913357997747474,1.0
450,8.8516608365,22,15,7.394368466362164,0.9873649300510418,1.0
27,5.7163649245,15,7,7.394368466362164,0.7773842738255263,1.0
697,2.2891632212,22,18,7.394368466362165,0.5025987119161479,1.0
733,3.4337448318,13,11,9.059716054367806,1.0,1.0
849,3.7109464215,18,11,7.394368466362164,0.8619014405441531,1.0
513,2.2868857004,14,9,7.394368466362164,0.8827772569849066,1.0
369,2.8553744634,16,13,7.646747681312849,1.0,1.0
608,0.5709148341,13,7,7.531539571861431,0.9999999999999999,1.0
512,6.5747963887,14,9,7.394368466362164,0.7661818861317082,1.0
333,5.9962863731,22,10,7.394368466362164,0.754336036655679,1.0000000000000002
511,1.7151642753,15,11,7.394368466362164,0.8873590746240496,1.0
297,7.3926429434,18,7,8.048190318943352,0.9983693373865615,1.0
118,0.5673650775,10,7,8.08226392031978,1.0000000000000002,1.0
561,14.2525446012,22,14,7.394368466362165,0.6075468516720179,1.0
186,2.2856427222,15,4,8.057136961253573,0.9999999999999999,1.0
451,3.1409119097,22,17,7.394368466362164,0.9976342694797073,1.0
435,8.8516608365,20,13,7.394368466362163,0.9570500845014012,1.0
491,0.8575821377,17,10,7.394368466362164,0.7109505561789328,1.0
188,3.4284640832,18,9,8.4590075597631,1.0000000000000002,1.0
862,3.7054341403,22,16,7.394368466362162,0.5866399960977356,0.9999999999999998
53,6.2758300226,10,8,8.123349190342857,1.0,1.0
816,10.5533971151,7,4,7.394368466362164,0.8642885207447798,1.0
184,3.4284640832,20,8,8.515496352759792,0.9999999999999999,1.0
358,6.5673612658,25,17,7.394368466362164,0.6925957576099901,0.9999999999999999
735,2.0030178186,15,12,9.371735699685491,1.0,1.0
418,11.6863692116,21,15,7.394368466362165,0.8575560531391503,1.0
430,2.8503339541,16,9,7.394368466362164,0.9847721582094171,0.9999999999999999
197,14.2833083353,9,3,7.394368466362164,0.7450101939424966,1.0
661,1.7103053521,20,14,7.394368466362164,0.7167844051930481,1.0
752,3.1374964396,6,3,7.394368466362164,0.7618176866384293,1.0000000000000002
309,5.4023159971,18,7,7.394368466362164,0.7869624957217427,1.0
7,11.1469116028,9,7,7.428249276571231,1.0,1.0
680,4.8458651644,20,14,7.394368466362164,0.6617134065601732,0.9999999999999999
850,4.5673186726,21,14,7.394368466362164,0.6459844724303861,1.0
354,4.2830616951,25,19,7.394368466362164,0.6640618134678599,1.0
515,4.2879106883,14,11,7.394368466362165,0.8490659526468588,1.0
83,3.6878730035,14,11,7.394368466362165,0.39979552900877824,1.0
784,9.982943217,6,1,7.394368466362164,0.7352204621710614,0.9999999999999999
556,5.9860687325,18,8,7.394368466362164,0.5696264702368429,1.0
803,10.5533971151,6,2,7.394368466362164,0.7936788283075144,1.0
804,0.2852269491,7,1,7.394368466362164,0.67389067078046,1.0
579,8.2782650941,15,5,7.394368466362164,0.6589550053352347,1.0
639,5.7091483408,14,8,7.394368466362164,0.8215514042822342,0.9999999999999999
582,8.8491799282,15,5,8.17001303424808,1.0000000000000002,1.0
853,0.8569985001,8,3,7.394368466362164,0.7669089919894112,1.0
47,3.1379150113,7,5,7.9833407290529985,1.0,1.0
307,13.3636237824,17,5,8.176677875822454,0.9999999999999998,1.0
748,1.1445816106,18,16,7.394368466362164,0.8445718625279959,1.0
711,2.5753086239,9,6,9.386050981379691,0.9999999999999999,1.0
719,3.7198902345,10,7,9.448492437139354,0.9690489738114173,1.0
19,28.5818246226,14,8,8.957140966842905,0.917266209059837,1.0
60,2.5673850093,14,11,7.394368466362164,0.4385964118950696,0.9999999999999999
66,1.9857777711,13,12,7.394368466362164,0.9502392750878557,1.0
646,2.8545741704,18,13,7.394368466362164,0.5788392296041552,1.0
667,1.1402035681,22,16,7.394368466362165,0.6730859658664013,1.0
686,7.1262723006,18,12,7.394368466362164,0.6034771792128288,1.0
126,1.9857777711,10,7,8.367404991267637,0.9999999999999999,1.0
577,8.529972627,15,6,7.394368466362164,0.7054229675816109,1.0
313,5.4023159971,19,9,7.394368466362164,0.8158110849825795,1.0
245,9.4282762289,19,11,7.5996001472465355,0.7187028704054231,1.0
519,8.2899606641,14,8,7.394368466362164,0.6342359453181156,1.0
538,1.4293035628,11,6,7.394368466362164,0.6243453502915368,1.0
98,0.2836825387,14,13,7.394368466362164,0.7791458969167901,1.0
201,0.8569985001,8,3,7.394368466362164,0.7924069641019629,1.0
8,3.4298189547,9,7,7.478580182448142,0.9999999999999997,1.0
292,1.4216621045,16,3,7.934310808141454,1.0,1.0
826,57.2290805304,10,6,7.394368466362164,0.5867928530736571,0.9999999999999998
456,6.5396456807,20,11,7.394368466362164,0.8847710954648528,1.0
163,1.7101467411,10,5,8.62248171879721,1.0000000000000002,1.0
296,5.9709808389,19,9,7.394368466362164,0.7939934588049983,1.0
247,9.4282762289,18,8,8.289959257241039,1.0,1.0
140,0.8510476162,19,17,7.394368466362165,0.8928753305085813,1.0
655,0.8563722511,14,11,7.803058555633116,0.9999999999999999,1.0
409,5.1306011173,19,16,7.394368466362164,0.989768394382042,0.9999999999999999
799,1.4261347453,8,5,7.394368466362164,0.8713207646462853,0.9999999999999999
303,11.9419616779,16,6,7.394368466362164,0.6689196224838145,1.0000000000000002
187,4.8569907846,14,8,7.394368466362164,0.9518472369054243,1.0
679,7.6963740846,21,15,7.394368466362164,0.6575362777965988,1.0
194,1.4283308335,9,2,7.394368466362164,0.9419051490010673,1.0
248,5.1426961248,18,10,7.431723227855326,0.708524713813549,1.0
696,6.2951988583,23,20,7.394368466362164,0.6253418884886744,1.0
852,8.8357581622,14,8,8.790704518048301,0.9999999999999997,1.0
634,2.2836593363,16,11,7.9922548650859,0.9999999999999999,1.0
809,3.7079503377,7,4,7.394368466362164,0.8585816425107738,0.9999999999999998
398,1.713224678,29,22,7.394368466362164,0.6316711972506422,1.0
391,2.8553744634,18,14,7.394368466362164,0.943804946174878,1.0000000000000002
420,3.1353673495,25,18,7.394368466362164,0.6848713547151274,1.0
269,0.5686648418,19,11,8.114166585265483,1.0000000000000002,1.0
353,2.2842995707,18,14,7.803647652099466,1.0000000000000002,1.0
502,7.1262723006,22,15,7.394368466362165,0.6499406072392471,1.0
742,3.1475994292,14,12,8.987502274602997,1.0000000000000002,1.0
332,17.7137310967,21,11,7.394368466362165,0.7587648712004411,1.0
411,6.8408014897,24,21,7.394368466362165,0.8557592905325446,1.0
90,0.8510476162,13,12,7.394368466362164,0.9765795564972397,1.0
700,4.0060356371,12,7,9.305622630426885,1.0,1.0
846,3.1276566299,19,10,8.165149286564061,0.9999999999999998,1.0
477,0.5700667908,16,8,7.394368466362164,0.7141802239651287,1.0
423,4.2755009311,19,14,7.394368466362164,0.8888693572671729,1.0000000000000002
756,1.4261347453,6,3,7.394368466362164,0.759102738735588,1.0
159,3.705317939,12,7,8.618316284264935,0.9999999999999999,1.0
674,2.8505089202,18,15,7.394368466362164,0.9458449377931324,1.0
673,7.4113231926,18,12,7.394368466362164,0.7657589505892614,1.0
35,9.7178203717,14,9,7.394368466362164,0.8446617732458379,1.0
861,12.2564360024,20,13,7.394368466362164,0.8139464271046933,0.9999999999999999
279,1.9903269463,17,7,7.394368466362164,0.8036406135995395,0.9999999999999998
357,14.8479472096,24,16,7.394368466362164,0.7103038302414155,1.0
500,2.8505089202,19,9,7.394368466362164,0.5470488507787072,1.0000000000000002
823,10.5710975899,18,8,8.247764510286261,0.9999999999999998,1.0
256,8.8568655483,12,7,7.394368466362164,0.9622878138416586,1.0
795,3.1374964396,6,2,7.394368466362166,0.7629969080576987,1.0
654,0.5709148341,15,12,7.961060690054255,1.0,1.0
190,22.5676271697,10,4,7.394368466362164,0.9988809042603377,1.0
52,2.5673850093,9,7,8.075113718796457,1.0,1.0
537,2.8586071255,9,6,7.394368466362164,0.9191030482307566,1.0
220,3.7136601672,9,3,7.394368466362164,0.688974262043064,1.0
426,5.9857013035,17,12,7.394368466362164,0.8438457204695621,1.0
810,1.4261347453,8,6,7.394368466362164,0.8773996509523154,1.0
652,4.2818612556,21,15,7.394368466362164,0.6101986624912793,1.0
857,7.1454561557,12,10,7.394368466362164,0.7949907733804771,1.0
429,5.4156345127,19,11,7.394368466362164,0.778232756992854,0.9999999999999999
548,5.145492826,15,8,7.394368466362164,0.5342964949282918,1.0
559,7.4113231926,21,16,7.394368466362164,0.668913280081115,1.0000000000000002
304,17.344277675,16,4,8.189247567393554,1.0,1.0
797,0.2852269491,11,8,7.394368466362164,0.9335416996869658,1.0000000000000002
480,13.396569584,14,9,7.394368466362164,0.9068276932269065,1.0
682,7.4113231926,20,14,7.394368466362164,0.5878308610761577,1.0
794,8.8420354208,7,3,8.153639673588934,1.0,1.0
253,2.8553744634,19,12,7.394368466362164,0.7274730208093354,1.0
272,0.2850244568,16,9,7.394368466362164,0.9050040571137344,1.0
50,2.5673850093,9,6,8.694661019332058,1.0,1.0
509,6.8412214086,24,19,7.394368466362164,0.6637605043196075,0.9999999999999998
199,0.2856661667,8,3,7.394368466362164,0.7882117356151321,1.0
653,1.9982019193,18,12,7.394368466362164,0.7432472811862514,1.0
635,0.8563722511,15,10,8.020095993203432,0.9999999999999997,1.0
855,15.7200035424,16,8,7.394368466362164,0.6973678001583288,1.0
525,4.2879106883,7,4,7.394368466362165,0.8749378856821076,1.0
854,2.5670425415,6,1,7.394368466362164,0.7257884598407972,1.0
475,3.1353673495,15,10,7.394368466362163,0.835534168874798,1.0
165,3.9903423958,11,4,8.683571531947646,1.0,1.0
432,3.7054341403,19,13,7.394368466362164,0.9469034862215625,1.0
361,8.8516608365,21,13,7.394368466362164,0.8074372517633183,1.0
497,2.0010249879,11,4,7.394368466362164,0.833345760297159,1.0
792,4.5636311849,6,1,7.394368466362164,0.7324863985954095,0.9999999999999998
222,1.9996631669,7,3,7.394368466362164,0.8253963399517357,1.0
838,19.3346046213,19,8,7.394368466362164,0.8723671917573209,1.0
530,0.5717214251,9,7,7.394368466362164,0.8091815568015313,1.0
153,1.7101467411,14,10,7.394368466362164,0.7414683471388237,1.0
355,14.2768723169,20,12,7.394368466362164,0.7433117627645217,0.9999999999999998
58,10.5548050381,9,6,8.99625607573552,1.0,1.0
808,3.7079503377,7,2,8.46015974083754,1.0,1.0
157,6.5555625074,15,10,7.394368466362164,0.7047909027123842,1.0
819,0.2855374463,20,16,7.394368466362164,0.8186630508136129,1.0
534,1.7151642753,10,6,7.394368466362165,0.7406203592092786,1.0
814,3.9931772868,8,6,7.394368466362164,0.9922647715589945,1.0
833,6.8408014897,19,12,7.394368466362164,0.8257911948616469,1.0
603,1.9982019193,14,8,7.499565988617372,0.9999999999999999,1.0
678,2.5753086239,25,21,7.394368466362164,0.626989254765245,1.0
643,1.1418296682,17,12,7.394368466362164,0.6431857553990865,1.0
715,3.4337448318,8,6,9.14670205354001,1.0,1.0
501,15.9628499533,19,10,7.394368466362164,0.5540207388422884,1.0
71,0.2836825387,12,11,7.394368466362164,0.8947549513495371,1.0000000000000002
746,4.5783264424,21,19,7.394368466362164,0.764376302017377,1.0
837,8.2805859438,21,14,7.394368466362164,0.913904396083186,1.0
323,1.4216621045,21,9,7.394368466362164,0.7448348880599264,1.0
683,5.1309160564,17,11,7.394368466362164,0.6167953187580604,1.0
813,4.2784042359,13,11,7.394368466362165,0.980123277205669,1.0
249,5.4284014651,17,11,7.968966321258433,1.0000000000000002,1.0
381,1.1421497854,18,15,7.394368466362164,0.9895101970356968,1.0
238,3.7141694235,20,8,8.520427608802278,0.9999999999999998,1.0
13,1.4290912311,11,7,7.860247289896332,1.0,1.0
6,4.8589101858,12,10,7.394368466362164,0.8558140604272689,1.0
301,2.843324209,15,2,8.08980741378908,1.0,1.0
546,4.2879106883,11,4,7.394368466362164,0.6744837057382082,1.0
59,3.4231800123,9,6,8.747256046085871,1.0,1.0
20,22.8654596981,13,7,9.09943899877274,1.0,1.0
647,1.1418296682,16,12,7.394368466362164,0.9841787902541981,1.0000000000000002
793,1.9965886434,7,3,8.266250807883775,0.9901978804818565,1.0
856,12.8618210802,15,7,7.394368466362166,0.776542139949111,1.0
498,10.2909856519,12,3,7.394368466362164,0.7611294607074174,1.0
757,2.2818155925,6,3,7.394368466362164,0.7587648680497094,1.0
149,5.41546468,12,8,8.366694136836815,1.0,1.0
146,1.9857777711,12,8,8.254109057301637,1.0000000000000002,1.0
842,8.8568655483,12,6,7.394368466362164,0.8816644800398544,1.0
815,4.5636311849,6,3,7.394368466362164,0.882508709701048,1.0
800,0.5704538981,8,5,7.394368466362165,0.8481496940468085,1.0
489,4.2879106883,17,12,7.394368466362164,0.7810190541136023,1.0000000000000002
617,0.8510476162,20,14,7.394368466362164,0.7952920196581823,1.0
339,2.2856427222,18,10,7.551023102425158,0.9999999999999999,1.0
620,1.7020952324,21,18,7.394368466362164,0.7784034470338819,1.0
702,6.2951988583,15,11,9.478491884430271,0.9999999999999996,1.0
714,5.1506172477,8,6,9.16817474842667,1.0,1.0
865,10.5202995734,21,10,7.394368466362164,0.7756524777214093,1.0000000000000002
663,2.8505089202,20,14,7.394368466362164,0.7308144317247629,1.0
479,1.425166977,13,8,7.394368466362164,0.8978723171642148,1.0
362,5.9962863731,24,16,7.394368466362164,0.820609298362444,0.9999999999999999
474,4.2755009311,14,8,7.394368466362164,0.8142627783916518,1.0
410,2.2802671632,21,18,7.394368466362164,0.9909937067216724,1.0
597,1.7101467411,18,14,7.394368466362164,0.6154809078796143,1.0
841,3.7119868024,22,11,7.394368466362163,0.8190129486177323,1.0
284,5.1304402232,21,16,7.394368466362164,0.5943968195103535,1.0
658,0.5722908053,17,13,7.394368466362164,0.8096529748423255,1.0
370,0.2855374463,19,15,8.019819855099668,0.9999999999999999,1.0
633,0.285457417,15,8,8.381172636089726,1.0,1.0
750,0.5704538981,5,2,7.394368466362165,0.8924962047266556,1.0
45,4.8495050175,7,4,8.839528620372583,1.0,1.0
775,1.7113616943,5,1,7.394368466362164,0.7982795072490115,1.0
416,5.4252114804,23,16,7.394368466362164,0.7634448736883244,1.0
786,0.5704538981,5,1,7.394368466362164,0.7877732575626659,1.0
68,0.8510476162,12,11,7.499561761839813,1.0,1.0
650,8.2782650941,17,14,8.293756766028219,1.0,1.0
705,5.722908053,11,6,9.074909994758404,0.9999999999999998,1.0
818,0.570101784,20,10,7.394368466362164,0.5952468514198425,1.0
821,4.5783264424,6,5,8.087995933627408,0.9999999999999999,1.0
316,15.6382831496,19,9,7.394368466362165,0.7670450428666027,1.0
481,5.7006679081,14,9,7.394368466362164,0.9334365209840315,1.0
88,1.4184126936,13,12,7.394368466362164,0.935869904890806,1.0
89,4.5389206197,13,12,7.394368466362163,0.9336574597197249,1.0
517,13.7213142026,10,7,7.394368466362164,0.9062193931292372,1.0
76,0.2836825387,13,12,7.394368466362164,0.9959983425254888,1.0
387,3.7119868024,28,26,7.394368466362164,0.9907848435431315,1.0
22,19.7214589896,17,9,7.394368466362165,0.6825281109861587,1.0
623,0.2836825387,22,20,7.394368466362163,0.8389631688661671,1.0
486,4.8596321134,18,14,7.394368466362164,0.9068409965588047,1.0
840,9.9516347316,23,10,7.394368466362163,0.7364136493545829,0.9999999999999999
698,2.0030178186,21,16,7.394368466362164,0.5075324604987678,1.0
258,8.8568655483,21,9,8.50726055663225,0.9999999999999999,1.0
580,10.5619244304,15,5,7.394368466362164,0.7256571504556405,1.0
377,7.7095110511,22,19,7.394368466362164,0.8278199328826126,1.0
844,5.1382335067,14,5,7.646529792184217,0.897164621197601,1.0
236,7.1426335067,21,11,8.4938898757882,1.0,1.0
392,7.7095110511,20,15,7.394368466362164,0.8755700154895857,1.0
344,6.8528987121,19,12,7.394368466362164,0.98437748065785,0.9999999999999999
555,6.5561705165,12,4,7.394368466362163,0.7165904966427024,1.0
741,0.858436208,14,12,8.872259080798234,0.9999999999999999,1.0
713,4.2921810398,8,6,9.347249233412173,1.0000000000000004,1.0
228,1.7139970002,6,4,7.394368466362164,0.9779941964013391,1.0
295,2.843324209,18,6,7.394368466362164,0.7622543901651381,1.0
860,5.9857013035,21,14,7.394368466362164,0.793790246731778,1.0
347,18.8454714583,18,11,7.394368466362164,0.9809825483623814,1.0
365,7.7095110511,23,16,7.394368466362164,0.7368274051197796,1.0
337,11.9925727462,21,10,7.394368466362165,0.7765571467077845,1.0
751,2.8522694906,6,3,7.394368466362164,0.7652248303339788,1.0
544,7.6963740846,13,6,7.394368466362164,0.533070552105504,1.0
86,1.7020952324,13,12,7.394368466362164,0.9753082306175763,1.0
843,1.7142320416,14,7,7.394368466362164,0.8041762221479639,1.0
506,6.5561705165,22,15,7.394368466362164,0.6232714673102605,1.0
224,2.8566616671,6,4,7.394368466362164,0.9788522809981062,1.0
244,7.1426335067,18,7,8.367684427700963,1.0,1.0
740,2.2891632212,14,12,8.875757556365798,1.0,1.0
621,1.1347301549,21,19,7.394368466362164,0.8254240745743492,1.0
471,0.5700667908,15,8,7.394368466362164,0.7915209206442716,1.0
289,8.2456402061,15,6,7.394368466362163,0.9956003748689857,1.0
